Museum,Catalog no.,Genus,Species,Sex,Country,State/Region,GL u,LO u,GL r,BS r,MLP r,APP r,MLD r,APD r,MLFD r,APFD r,GL hum,APP hum,BS hum,MLD hum,APD hum,HTL hum,GL mc2,MLP mc2,APP mc2,MLD mc2,APD mc2,BS mc2,GL mc3,MLP mc3,APP mc3,MLD mc3,APD mc3,BS mc3,GL mc4,MLP mc4,APP mc4,MLD mc4,APD mc4,BS mc4,GL mc5,MLP mc5,APP mc5,MLD mc5,APD mc5,BS mc5,GL phprox,MLP phprox,APP phprox,MLD phprox,APD phprox,BS phprox,GL phmed,MLP phmed,APP phmed,MLD phmed,APD phmed,BS phmed,PAL scapho,PAW scapho
LACM,52226,Acinonyx,jubatus,male,,,230.9,36.6,221.7,15.5,19.2,14.1,29.4,20.2,23.3,13.9,232.1,48.4,14.1,37.9,26.6,28.3,70.5,11.7,14.1,10.5,11,5.5,83.7,12.3,12.8,12.2,11.7,7.3,80.2,8.4,12.9,11.3,11.7,6.5,63.8,10.1,10.5,11,11,6.2,,,,,,,,,,,,,,
USNM,251793,Acinonyx,jubatus,female,unknown,,276.6,37.1,238.1,17.1,19.4,14,31.5,17,23.4,13.9,242.2,50.7,15.2,38.4,28,28.5,67,10,14.6,10.8,11.6,5.1,82.5,13.2,13.5,13.5,11.6,7.5,80.1,8.9,12.3,11.7,11.7,7,63.3,10,11.1,11.3,11,6.8,34.6,12.4,12.2,10.5,8.5,7.9,21.7,10.4,9.1,9.6,7.2,5.9,21.4,15.8
USNM,521037,Acinonyx,jubatus,male,unknown,,275.9,36.7,238.3,16.2,19.4,14.5,31.3,16.9,25.2,14.3,237.5,52,16,40.2,29.2,27.6,69.4,10.8,15,11.1,11.6,5.2,84.9,13.6,14.1,11.4,12.7,7.2,83.4,9.6,13.1,11.5,12.4,6.5,67,10.7,11.5,9.8,11.2,6.1,34.8,12.3,10,9.8,8,7.2,20.6,10,8.4,9.3,6.7,6,21.2,15.2
MVZ,184066,Acinonyx,jubatus,unknown,unknown,,278.5,29.8,240,16.7,20.8,14.5,30,17,24.3,15,243.6,49.3,15.6,36.3,26.2,27.8,68.3,10.7,14.5,10.2,11.9,5.8,83.7,14.8,14,12.6,13.1,8.6,80.5,9.4,13.5,11,12.9,8.2,65,11.7,10.8,10,11.8,5.5,34.5,11.6,10,9.8,8.5,7.7,22.2,10.5,8.7,9.8,6.4,5.9,22.3,13.8
FMNH,34589,Acinonyx,jubatus,male,Botswana,,292.3,41.8,250.8,19.4,22.6,16.6,36.3,21.1,28.4,15.8,259.6,57.9,17.8,43.9,31,32.1,80.4,12.7,17,13,13.3,7.9,97.2,15.5,15.9,14.5,15.2,9.9,93.7,10.1,15.7,13,15,9.1,73.5,12.4,12,13.4,13.3,8.5,32.9,12.4,11.6,10.5,8.5,8.8,27.3,13.1,11.5,12,8.6,9.9,24.8,15
LACM,72506,Acinonyx,jubatus,unknown,,,298,41.8,258.1,18.8,22.7,17.1,34.4,21.2,27.8,16.1,269.4,54.8,18.6,43.6,31.5,32.3,76.7,12.5,16.9,12.3,13.2,6.4,92.9,13.3,15.4,13.8,14.3,8.3,88.9,11.4,15.7,11.4,13.5,7.4,69.8,12.3,11,11.9,11.9,7.5,,,,,,,,,,,,,,
FMNH,34589,Acinonyx,jubatus jubatus,male,Botswana,North Matabeland,293.7,45.6,249.2,19.8,22.4,16.7,35.5,20.8,28.1,16.6,259.7,59.8,17.8,44.2,31,31.4,80.4,12.3,16.8,13.3,13.5,7.9,97.5,14.6,16,14.7,15.2,9.8,93.6,10.2,15.6,12.8,15,9,74,11.3,11.7,13.4,13.2,8.5,,,,,,,,,,,,,24.6,16.6
FMNH,29633,Acinonyx,jubatus raineyi,male,Kenya,Central province; Nairobi,259.3,43.5,216.3,16.9,20.4,15.6,34.2,24.9,28.9,16.8,226.7,53.7,15.3,40.4,28.1,29.8,73.6,13.3,14.5,12.9,12.3,7.1,86.3,14.3,14.5,15,13.7,9.3,84.8,9.6,12.8,12.8,14.7,8.5,69.2,11.2,9.1,12.4,11.7,7.3,35.2,13.7,11.7,10.6,8.8,8.3,,,,,,,22.8,15.7
FMNH,127834,Acinonyx,jubatus raineyi,female,Tanzania,Shinyanga region,264.8,39.6,228.5,18,19.4,15,30.3,16,24.3,14.8,233.6,50.1,15.1,38.1,27,28.4,69.4,10.2,14.4,11,10.8,7.8,83.3,12.1,13.8,12.4,12.4,9.4,80.6,9.1,12.7,11.1,12.2,7.4,63.5,9.3,9.9,10.7,9.7,6.8,37.1,13.2,11.4,11.2,9,9.6,26,12.8,10.3,11.5,7.7,8.6,21,14.8
USNM,162928,Acinonyx,jubatus raineyi,female,Kenya,"Sotik, Guaso Nyiro",267.5,38.4,228.7,17.5,20.5,15.3,30.2,18.9,23.8,15.4,228.7,52.6,15.2,39.6,27.7,29.2,,,,,,,,,,,,,,,,,,,,,,,,,,,,,,,,,,,,,,
USNM,162929,Acinonyx,jubatus raineyi,female,Kenya,"Sotik, Guaso Nyiro",268.3,38,230.2,17.9,20.4,14.7,31.9,17.7,24.2,14.6,235,47.5,15.2,38.6,27.9,28.4,,,,,,,,,,,,,,,,,,,,,,,,,,,,,,,,,,,,,24.1,16.7
USNM,161922,Acinonyx,jubatus raineyi,male,Kenya,Wami hill,269.8,38.7,233.2,18.9,20.5,15.5,31.8,19.2,25.4,15.3,239.4,54.6,16.4,40.3,27.8,30.2,70.2,11.3,15.3,11.5,12.1,7.6,84.3,13.3,15.7,13,13.5,9.5,82.8,10.3,12.3,12.2,13.7,8.1,65.7,11.3,11.6,11.6,11.5,7.6,35.8,13,10.7,10.5,9.1,8.8,21.7,11.1,9.4,10.1,7.2,8,22.3,20.4
FMNH,135042,Caracal ,caracal,unknown,Israel,,142.7,19.9,120.5,8.1,10.6,7.5,19,10.4,12.9,9,128.3,28,9,24.3,14.9,15.9,42.2,6.8,8.9,7.4,6.4,4.4,,,,,,,45.2,6.2,7.9,7.1,7,4.2,38.8,7,7.3,7.2,6.7,4.1,17.5,6.8,5.7,5.5,4.3,4.1,13.9,6.2,6,5.7,4.9,3.3,11.9,8.8
USNM,270130,Caracal ,caracal,male,Kenya,Gerbatulla,150.1,19.7,124.9,8.7,12.5,8,20.2,10.4,13.2,10.2,135,34.2,10.8,26.7,14.6,17.1,46.7,6.9,7.3,8.2,7,4.4,55.6,8.2,8.8,7.9,7.7,4.8,49.3,6.7,7.8,7.1,7.2,4.6,40.7,7.6,7.4,6.4,7.5,4.6,,,,,,,,,,,,,12.4,9.7
USNM,151671,Caracal ,caracal,male,Arabia,Aden,151.2,20.1,127.8,8.5,10.6,7.8,17.5,10.1,12.5,8.7,137.6,29.9,8.9,23.5,14.7,15.9,41,6.4,8,7.5,7.4,3.9,48.1,7.9,7.7,7.5,6.8,4.3,46.2,6.5,7.4,6.7,7.1,4.3,36.6,7,6.7,6.8,6.2,4,19.4,7.5,4.6,5.7,6,4.4,16.1,6,5.9,5.5,4.2,3.1,12.5,9.7
FMNH,57220,Caracal ,caracal,female,Zoo/Asia,,150.1,18.9,128.1,8.2,11.2,8,18.7,10.7,14.7,8.6,139.2,30.3,9.2,25,14.9,17.3,44.2,10.1,9.1,7.9,6.8,3.8,48.1,8.4,8.3,8.5,8.3,3.9,46.2,6.3,7.8,7.3,7.2,3.8,38.1,6.6,7.1,7.4,6.7,3.9,24.1,8,6.1,5.9,5.4,4.7,17.8,6.5,6.3,5.7,4.6,2.9,12.1,9.5
FMNH,95922,Caracal ,caracal,female,Southern Rhodesia,,152.6,21.8,128.9,8.8,12.8,9.2,21,12.3,15.4,9.9,142.4,32.5,10.1,29,17.8,20.2,48.9,7.1,10.6,8.4,7.8,4.5,56.4,8.7,9.7,8.6,7.8,5,51.7,7.2,8.1,7.5,8,4.3,41.6,7.7,7.8,7.5,7.6,4.1,23.2,8,6.3,6.2,5.3,5.1,16.4,6.3,6.7,6.1,5.3,3.7,13.2,9.6
USNM,396160,Caracal ,caracal,male,Zoo,,153.9,20.8,129.2,9,12.1,8.3,20.1,11.2,15,9,144.1,30.6,10.6,26.1,16.6,17.7,44.1,6.3,9.8,7.9,5.8,4.4,51.2,8.6,8.3,8.4,7.5,5.5,47.7,6.7,7.9,7.8,6.7,4.6,39.7,6.6,6.7,7.5,6.7,4.9,23.4,7.8,6.5,6.3,5.2,5.2,15.6,6.4,7.1,5.9,5.3,3.4,12.9,9.3
USNM,384162,Caracal ,caracal,female,Botswana,Khumaha,155.6,19.9,132.9,8.5,12.2,8.5,19.4,10.3,15.5,9.7,142.4,31.3,9.9,26.6,15.5,18.1,46.1,6.5,8.6,7.1,7.4,4.2,51.7,8.9,8.3,7.8,7.3,4.8,48.9,7.2,6.9,7.8,7.2,4.4,40.7,6,6.5,7.2,7.4,4.3,22.9,7.4,6,5.7,5,4.5,,,,,,,12.8,9.7
USNM,520686,Caracal ,caracal,male,Zoo,,156.8,21.3,134.5,9.8,11.8,8.8,19.7,11.9,14.8,10.5,146.6,37.7,9,25.4,15.5,17.7,46.9,6.5,9.6,7.3,6.9,4.2,51.6,8.2,9,8.1,7.1,4.7,48.9,6.6,8.6,7,7.2,3.8,40.4,7.5,7.1,7.2,7,4.1,24.3,7.7,5.8,6,5.2,4.6,13.7,6,5.9,5.6,4.8,4,13.5,9.5
LACM,42383,Caracal ,caracal,male,South Africa,Windhoek district,168.2,23.8,141.9,10,13.1,9.6,20.9,13.5,15.5,9.8,156.5,35,11.8,29.5,18.6,19.1,51.8,7.6,11,8.6,8,5,58.1,9.1,10,9.2,8.3,5.6,54.7,7,8.3,8,8.4,5,45.1,7.9,7.8,7.4,8.1,4.8,25.3,7.9,6.5,6.4,5.5,5.1,,,,,,,14.2,10.4
USNM,258552,Catopuma,temminckii,unknown,China,Sichuan,130.6,16.3,108.4,6.4,12.1,8.2,17.9,11.9,13,10.3,114.9,27.4,8,27.3,15.4,18.8,,,,,,,,,,,,,,,,,,,,,,,,,,,,,,,,,,,,,,
FMNH,72804,Catopuma,temminckii,female,Zoo/India,,135.9,19,112.8,8.2,13.6,9.1,19.2,12.5,14.4,9.8,129.7,30.5,9.8,30.8,15,19.7,44.5,7.8,,7.4,8.1,4.5,48.5,8.7,6.5,7.7,8,4.6,47,7.5,5.7,6.4,7.4,4,38.8,6.3,7.5,6.7,7.5,3.6,24.7,7.6,6,5.6,4.9,4.6,16,5.8,5.5,5.3,4.2,2.9,12.7,9.7
USNM,395758,Catopuma,temminckii,female,Zoo,,143.2,20.7,118.1,8.3,12.8,9,18.8,12.1,14.2,8.9,134.9,31.8,9.8,28.5,15.5,20.5,45.1,7,10.3,7.5,7.4,4.2,49.6,8.6,7.9,7,7.2,4.6,46.7,6.1,7.5,6.4,6.8,4.1,39.9,6.8,7.9,6.6,6.4,4.2,22.9,6.8,5.5,5.1,4.4,3.7,,,,,,,12.3,11.1
USNM,339645,Catopuma,temminckii,unknown,Zoo,,144.2,19.3,119.9,7.8,11.8,8.1,18,10.8,11.7,9.3,130.2,28.6,8.5,25.3,14.2,18.2,41.4,6.6,8.9,7,7.9,3.8,46.8,8.2,8.2,7,7,3.9,42.1,6.1,7.5,6.22,7.4,3.7,37.1,5.5,7.2,6.4,7.7,3.6,23.3,6.4,5.5,5.5,5.3,3.9,15.4,6.2,5.4,5.8,3.9,3.5,11.8,9.6
USNM,362188,Catopuma,temminckii,female,Zoo,,144,18.9,120.4,8.4,12.7,9.1,18.7,11.8,13.8,10.5,139.6,32.3,9.7,27.6,15.9,19.2,42.4,7.8,9.7,7.8,8.1,4.6,48.8,8.8,8.6,7.5,7.6,4.7,45.4,7.4,8,7,7.5,4.2,37.7,7.5,7.2,7.1,7.4,4.2,24.1,7.7,5.8,5.9,5.1,4.9,13.6,6.2,6.1,6,5.2,4.1,11.7,10.3
FMNH,60584,Catopuma,temminckii,male,Zoo/Asia,,144.8,22,123.3,9.1,14.3,9.8,22.9,13.7,14.4,10.1,137.1,34.4,10.6,32.5,17.5,21.3,45.5,8.7,10.6,8.5,8.2,4.7,51,8.9,8.9,8.5,7.9,4.5,48.8,7.7,8.8,7.4,7.8,4.6,41.1,7.5,8.4,7.3,7.2,4.7,23.2,7.2,6.2,5.4,4.9,4.4,17.4,6.1,6.4,5.6,4.4,3.5,12.7,9.5
USNM,395843,Catopuma,temminckii,female,Zoo,,154.9,20.5,133.3,8.4,12,8.6,19.5,10.5,15,9.5,149.5,32.1,11.4,28.3,15.9,20.3,46.5,6.8,9,7.9,7.4,4.9,51.4,9.1,7.9,7.6,6.8,5.1,48.9,6.5,7.3,7.1,7.4,4.5,41.6,5.8,8.2,7.3,7,4.2,24.5,7.2,5.9,5.5,4.6,4.3,,,,,,,12.5,10
USNM,258694,Catopuma,temminckii,male,China,Sichuan,160.3,21.6,134.6,8.6,13.4,9.5,20.7,10.9,14.6,10,,,,,,,,,,,,,,,,,,,,,,,,,,,,,,,,,,,,,,,,,,,,
FMNH,98908,Catopuma,temminckii,male,Zoo/Nepal,,,,,,,,,,,,143.7,34.8,10.3,31.6,16.8,22.4,49.2,9,10.1,7.8,9.4,4.1,54.2,8.4,8.7,7.9,6.7,4.2,52.2,7.3,8.7,7.5,7.1,4.2,43.2,8,8.2,7.6,6.5,4.5,27.3,7.5,6,6.4,5.3,4.4,,,,,,,14,10.3
USNM,399442,Felis,chaus,unknown,Afghanistan,,,,,,,,,,,,,,,,,,41.2,5.7,7.8,5.8,5.7,3.9,44.2,8,6.7,5.9,5.7,4.1,42.3,5.1,6.5,5.4,5.8,3.6,36.3,4.9,5.9,5.6,5.2,3.8,19.1,5.5,4.3,4.6,3.8,3.5,13.9,4.8,4.5,4.3,3.3,2.9,10.9,8.1
USNM,176049,Felis,chaus affinis,female,India,Kashmir,136.8,14.4,118.3,7.3,10.5,7,14.7,9.8,11.6,8.9,124.8,25.7,8.7,21.6,13.3,15.8,,,,,,,,,,,,,,,,,,,,,,,,,,,,,,,,,,,,,10.7,7.8
USNM,173375,Felis,chaus affinis,female,India,Harwan,138.8,14.4,119.5,6.7,9.9,6.9,15.5,9.1,11.6,8.8,125.3,25.5,8.7,21.2,12.4,15,,,,,,,,,,,,,,,,,,,,,,,,,,,,,,,,,,,,,,
USNM,398570,Felis,chaus furax,female,Zoo,,146.1,15.6,125.7,7,10.6,7.6,16.3,10.8,11.7,9.4,132.4,25.7,8.6,23.6,13.9,17.1,41,5.8,7.5,6.4,6,3.4,45.3,7.3,7,6.6,7.4,3.8,43.4,5.7,7.7,5.9,7.5,3.6,37,6.4,7,6,5.4,3.6,19.4,6.6,5.3,4.6,3.9,3.5,14.5,5.1,4.7,4.8,3.7,2.7,10.3,8
FMNH,159994,Felis,margarita,unknown,Zoo,,101.2,10.9,88.7,5,7.8,5,11.4,6.5,9.2,5.5,95.7,17.1,5.9,16.9,9.4,11.6,24.8,3.9,5.5,4.5,4.3,2.2,28.3,5.6,4.3,5.1,4.7,2.4,27.4,3.7,4.6,4.3,4.7,2.1,22.4,4.3,4.2,4.2,3.8,1.8,17.1,4.8,3.7,4,3.3,2.3,12,4.2,3.8,4,3.3,1.6,8.1,5.5
FMNH,159995,Felis,margarita,female,Zoo,,106,11,91.7,4.8,8,5.5,11.6,6.5,7.7,5.7,97.4,18,6.1,17.1,9.4,11.3,26.6,3.7,5.6,4.3,4.2,2.1,29.2,5.6,4.6,4.1,3.9,2.4,27.8,3.3,4.5,4.3,4.4,2.3,22.8,4.4,4.4,4.2,3.9,1.9,16.5,4.6,3.9,3.6,2.9,2,11.6,4.4,4,3.8,2.7,1.3,7.4,5.1
FMNH,127295,Felis,margarita,male,Zoo/Asia,,110.2,12.2,95.4,5.5,8,6.2,11.2,7.2,8.4,7.1,103.7,18.7,6.8,17.7,10.3,11.8,27.2,3.9,5.9,4.9,4.6,2.7,29.2,5.7,4.4,5.1,4.6,3.1,28.3,4.1,4.2,5.3,5,2.8,23.2,4,4.4,4.6,4.5,2.6,16.9,5.1,4,3.9,3.3,2.8,12.5,4.2,4.4,4.4,3.3,2.1,7.5,5.7
FMNH,186437,Felis,margarita,male,Zoo,,112.9,12.9,96.3,5.7,8.9,5.9,12.5,7.4,9,6.8,106.2,20,7,18.8,10.8,12.9,28.3,7.4,6.4,4.5,4.6,2.4,30.9,6.2,4.7,5.3,4.8,3,30.3,2.8,4.7,5.2,4.4,2.6,25.4,4.6,4.5,4.4,4.6,2.3,18.6,5.4,3.6,4.1,3.6,2.7,13.8,4.9,4.6,4.4,3.6,2.9,7.9,5.7
FMNH,127296,Felis,margarita,male,Zoo/Asia,,114.5,12.1,99.4,5.5,8.8,5.7,12.8,7.1,8.6,6.8,104.1,19.9,6.9,18.5,10.7,11.5,27.4,4.2,6.6,4.8,4.5,2.4,30.8,5.7,5.4,5.1,4.8,2.7,29.8,4.1,5.3,4.7,4.6,2.6,24.2,4.9,4.9,4.5,4.2,2.5,17.8,5.2,4.2,4.1,3.5,2.8,11.9,4.4,3.9,4.2,3.3,2,8,5.6
FMNH,60613,Felis,margarita,male,Zoo/Asia,,114.9,12.6,100.2,5.7,8.7,5.8,12.5,6.8,8.9,6.4,107.9,19.8,7,17.9,10.7,12.9,27,3.8,6,4.7,4.8,2.7,30.9,6.4,4.8,5,4.7,3,29.5,4.5,4.8,4.3,4.6,2.7,24.5,4.5,4.9,4.2,4.4,2.2,17.3,5.3,4.2,3.7,3.3,2.5,12.2,4.2,3.9,3.9,3.1,2.3,7.9,5.4
FMNH,180664,Felis,margarita,male,Zoo,,121.1,13.7,105.1,6.3,9.2,6.3,12.7,7.8,9.4,5.7,113,20.6,7.2,19.3,12,13.5,29,6.1,4.9,5.4,3.6,2.5,32.4,6.5,5,5.9,5.3,2.9,31.6,4.8,4.1,5.4,5.3,2.7,25.7,5.1,5.2,4.7,4.8,2.5,19.3,5.4,3.5,3.8,3.6,2.6,12.9,4.5,4.7,4.5,3.9,1.8,9.1,6
USNM,395838,Felis,nigripes,male,Zoo,,86.5,8.2,74.9,4.5,6.4,4.1,8.6,5.1,6.8,5,80.2,15.2,4.9,13.4,7.8,8.9,24.3,3,4.9,3.5,3.4,1.9,27.1,4.5,3.9,3.5,3.4,2.2,26,2.8,3.6,3.4,3.6,2.1,21.6,2.8,3.8,3.2,3.3,1.8,11.6,3.6,2.8,2.6,2.5,1.9,,,,,,,5.9,4.5
USNM,395519,Felis,nigripes,female,Zoo,,85.5,8.3,75.2,3.6,6.1,4.4,8.9,4.9,6.2,4.2,77.8,14.2,4.5,13.2,7.4,8.9,22.4,3.4,3.9,3.3,3.7,1.9,25.3,4.4,4.3,3.5,3.5,2.1,24,3.3,4.2,3.3,3.6,1.9,19.7,2.7,3.8,3.3,3.2,1.4,11.8,3.2,3,2.7,2.4,2.2,8.4,3,3.1,2.6,2.1,1.1,6.7,4.5
USNM,395135,Felis,nigripes,male,Zoo,,90,9,78.2,4.8,6.7,4.6,9.5,5.6,7.6,5.6,85.5,17,5.2,14.3,8.2,10.1,24.6,3.3,5.3,4.1,3.4,1.9,28.1,5.2,4.6,4.1,3.6,2.3,26.4,3.3,4.4,3.8,3.6,2.1,21.7,3.2,3.6,3.7,3.6,2,13.5,3.8,2.6,3.1,2.7,2.2,,,,,,,6.9,5.2
LACM,41786,Felis,silvestris,female,Namibia,,118.5,14.4,99.4,5.6,9.3,6.6,14.3,11.2,10.3,7.9,105.7,22.1,6.9,21.3,12.8,13.6,35.8,4.8,7.1,5.2,4.9,2.9,39.6,6.6,5.8,5.9,4.9,3.6,37.2,4.7,5.9,5.4,5,3,32.2,5.4,5.4,5.1,4.8,3,18.6,5.7,4.4,4.1,3.4,3.3,,,,,,,,
USNM,327090,Felis,silvestris,female,Iran,Khorasan,123.1,13.5,106.3,5.6,9.2,6.3,13,7.1,9.5,6,110.6,20.4,7.2,18.9,11.2,13.3,,,,,,,,,,,,,,,,,,,,,,,,,,,,,,,,,,,,,,
USNM,450971,Felis,silvestris,male,Burkina,Natiaboani,123.9,13.6,106.8,6.7,8.8,6.3,12.6,8.2,9.7,7.5,110.9,22.6,7.4,19.4,11.4,13.6,34,4.6,5.5,5.4,5.1,3.2,38.1,6.4,5.4,5.6,4.6,3.6,36.6,4.4,6,5,4.7,3.1,30.5,5,5,5.4,4.6,3,16.5,4.9,4.1,4.1,3.4,2.9,,,,,,,,
LACM,56696,Felis,silvestris,male,Namibia,,134.2,15.4,113.7,7.1,8.9,6.6,14.7,8.9,11.3,6.7,119.7,22.5,7.1,20.3,12.1,12.8,,,,,,,,,,,,,,,,,,,,,,,,,,,,,,,,,,,,,,
USNM,296136,Felis,silvestris,male,Namibia,Ochinene,138.4,13.8,120.8,6.7,9.5,7.1,14.2,8.5,10.8,8.2,121.6,23.9,7.8,20.5,12.4,14.7,37.6,5,8,5.4,5.2,3,43,7.2,6.8,5.8,5,3.9,40.7,4.7,6.3,5.2,5.3,3.4,34.7,4.5,6.1,4.5,5.1,3.2,18.1,5.3,4.4,4.3,3.6,3.2,,,,,,,9.6,7.4
USNM,241562,Felis,silvestris lybica,female,Zoo,,132,12.8,114.4,6.2,8.9,6.5,13.8,8.5,10.1,7.1,116.9,23.5,7.7,19.4,12,13.6,36.2,5.5,7.1,5.5,6.4,3.3,40.9,6.9,6.3,5.3,7.2,3.6,38.7,5.2,6.8,5.8,6.2,3.2,31.2,5.2,5.2,5.2,5.2,3.3,17.4,5.1,4,4.3,3.6,3.4,,,,,,,9,7.1
USNM,261109,Felis,silvestris silvestris,female,Zoo,,122.3,14.1,104.1,6.4,9.3,6.8,14.9,8.4,10.4,7.3,111.4,21.4,7.1,20,10.8,13.8,32.3,5.1,4,5.3,5.8,3,37.4,7.1,6.8,5.6,5.7,3,34.5,5.3,6.3,4.9,4.7,3,27.6,4.9,5.7,5.1,5.2,2.8,18.2,5.6,4.6,4.4,3.6,3.1,,,,,,,8.6,7.2
FMNH,127835,Felis,silvestris ugandae,male,Tanzania,Serengeti Plains,132.8,15.7,114.7,6.5,9,6.7,13.8,8.9,10.6,7.9,117.8,23,7.3,20.4,12,14.2,36.4,4.8,7.7,5.1,5.1,3.2,39.9,6.5,6.4,5.7,5.2,3.7,37.6,4.8,5.9,4.9,5.1,3.1,31.5,4.4,5.5,5,4.9,3.1,16.6,5.2,4.3,4.3,3.5,3.5,12.6,5.3,4.5,4.4,3.5,2.7,8.7,6.5
MVZ,113296,Herpailurus,yaguarondi,female,Colombia,,97.2,13,79.2,5.6,8.8,6.1,13.7,8.5,11,6.6,96.5,21.9,6.8,19.6,11.4,13.1,32,5.1,6.5,6,5.2,3.2,37.3,6.5,6.1,6,5.6,3.5,35.2,5.1,5.6,5.4,5.5,3.3,27.9,6.1,4.8,5.6,5.6,3.2,17.6,5.6,4.3,4.6,3.7,3.8,9.5,5.2,4.4,4.6,3.3,3.9,9.4,7.1
MVZ,98311,Herpailurus,yaguarondi,unknown,El Salvador,,96.2,13.6,79.2,5.6,8,5.6,12.4,7.2,10.4,6.5,97.6,20.5,7.1,18.1,10.5,11.9,30.2,4.5,6.1,5.1,4.5,2.8,35.1,6,5.4,5.4,4.8,2.9,33.1,4.7,5.1,4.9,4.7,2.7,26.4,5.1,4.3,4.9,4.9,2.8,16.9,5,4.2,4.3,3.1,3.6,9.2,4,3.5,3.5,2.5,2.9,9.1,6.3
USNM,A03838,Herpailurus,yaguarondi cacomitli,unknown,Mexico,Veracruz,,,88.1,6.3,9.3,6.5,14.3,8.6,10.3,6.6,107.7,23.6,7.3,20.6,11.8,13.7,,,,,,,,,,,,,,,,,,,,,,,,,15.7,5.7,5.4,4.9,3.9,4.6,13.4,5.5,4.9,4.6,3.7,3.7,,
USNM,124336,Herpailurus,yaguarondi cacomitli,male,Zoo,,112.8,16.6,92.4,6.3,9.8,6.9,15.2,8.8,10.7,7.7,110.3,25.9,8.3,21.8,13.1,14.7,32.4,5.6,7.4,6,6,3.5,38.4,7.2,6.7,6.2,5.8,3.6,35.9,5.4,6.1,6,5.9,3,28.7,6.4,5.5,6,6.1,3.3,17.8,6.1,5.1,4.8,4,3.6,11.6,4.9,4.7,4.5,3.8,2.8,9.8,8.2
USNM,153531,Herpailurus,yaguarondi eyra,female,Colombia,Cartagena,103,15.5,83,6.2,9.6,6.3,14.3,7.9,11,7.3,102.9,25.3,7.8,21.1,11.4,13.9,31.8,7.7,7.1,6,6,3.2,36.1,6.5,5.3,6.6,7.7,3.5,33.4,5,5.9,5.7,6.1,3.3,26.2,5.3,5.5,5.7,5.8,3.3,18.4,6,5,4.7,3.7,4,14.3,5,5.5,4.5,3.5,3.2,10.7,7.6
USNM,281396,Herpailurus,yaguarondi panamensis,male,Colombia,"Atlantico, Sabana Larga",102.7,14.6,84.5,5.9,8.8,6,13.1,8,9.9,7.1,100.8,22.1,7.4,19.3,11.3,12.3,,,,,,,,,,,,,,,,,,,,,,,,,,,,,,,,,,,,,,
USNM,258328,Herpailurus,yaguarondi yaguarondi,male,Zoo,,128.5,19.9,105.7,7,10.8,7.5,17.1,9.6,11.7,8.5,124.4,28.7,7.8,25.4,14.9,15.4,40.7,6.4,8.3,6.8,7.7,3.6,47.6,8,6.2,7.2,6.5,3.7,44.8,6,6.6,6.9,6,3.6,35.3,5.7,6.5,6.6,7,3.5,18.2,6.8,6.1,5.5,4.3,3.6,,,,,,,11.7,9.1
MVZ,112248,Leopardus,pardalis,unknown,United States,California,130.7,18.9,103.9,10,12.6,9.1,18.8,11.7,15.4,10.3,121.1,31,8.7,29.2,15.1,20.5,,,,,,,,,,,,,,,,,,,,,,,,,,,,,,,,,,,,,,
LACM,90775,Leopardus,pardalis,male,,,156.3,,126,11.4,15.1,10.7,22,12.9,15.8,11.1,147.1,34.7,11.5,33.1,20.3,22.7,39.2,7.7,10.7,8.6,8.2,5.3,46.4,10.2,9.2,9,7.6,5.3,42.8,7.3,8.8,8,7.9,4.7,33.9,8.3,8.7,8.2,7.8,4.7,22.6,8.2,6.3,6.9,5,6,16.2,7.8,6.7,6.5,4.9,4.3,15.2,10.6
FMNH,68995,Leopardus ,pardalis aequatorialis,female,Colombia,Cordoba,130.8,19.2,106.1,8.2,11.9,8.4,17.8,11.9,13.4,10.2,121.3,28,9.1,26.7,14.8,17.7,35,6.2,8.7,7.3,6.6,4.5,40.3,7.9,8.1,7.6,6.6,4.3,36.8,6.9,7.5,6.7,6.5,4.1,30.2,7.9,7.6,7.3,6.5,4.1,21,7.1,5,5.9,4.4,4.7,14,5.9,5.5,5.7,4.4,3.8,11.8,8.3
FMNH,125115,Leopardus ,pardalis aequatorialis,male,Ecuador,Napo,147.8,21.8,121.6,8.6,13.7,9.5,19.3,11.9,13.8,10.4,141.5,31.2,10.3,30.2,16.1,20.3,41,7.7,10,7.7,6.6,5.1,44.8,8,10.8,7.7,6.3,4.7,44.5,7,8.6,7.1,6.7,4.4,34.6,7.3,8.8,7.8,6.2,4.5,23.1,9,5.9,6.4,4.6,5.2,15.6,7.6,5.7,5.7,4.3,3.8,13.1,9.7
USNM,287774,Leopardus ,pardalis albescens,female,U.S.,"Texas, Kingsville",141.7,20,115.3,8.3,11.6,8.5,18.3,9.8,12.4,8.9,134.1,28.7,9.5,26.7,14.5,17.8,38.6,5.8,5.3,7.2,7.3,4.3,43,7.6,7.3,7,6,4.5,40.7,6.4,7.3,7,6.2,4.2,33,5.7,6.3,6.8,6.5,3.8,21.4,7.1,4.8,6.3,4.3,4.6,,,,,,,12.6,9.2
USNM,287773,Leopardus ,pardalis albescens,male,U.S.,"Texas, Kingsville",151.2,22.2,122.7,8.5,13.6,9.4,19.8,13.3,13.3,9.6,140.6,32.3,10.4,30.3,15.8,20.6,44.3,6.8,8.5,8.1,6.6,4.8,48.4,9.1,9,7.9,6.6,5,45.4,7.5,6.9,7.2,6.7,4.9,38.1,6.5,7.4,6.9,6.9,4.4,,,,,,,,,,,,,13.1,10.2
USNM,256918,Leopardus ,pardalis maripensis,male,Zoo,,143.4,23,115.8,8.6,14.1,9.9,21.5,13.3,15.2,11.3,136.1,32.1,9.2,34,18.9,22.8,44,7.7,10.2,8.7,8.6,4.4,48.3,9.5,9.8,7.7,9.6,4.6,45.1,7.7,8,7.8,7.4,4.4,35.6,8.6,9.2,8.2,7,4.6,24.3,8.8,7.1,7,5.1,5.3,18.9,7.2,6.5,6.6,4.5,3.8,13.8,11.4
FMNH,93174,Leopardus ,pardalis maripensis,female,Suriname,Nickerie,143,22.7,117.2,8.3,13.7,9.2,20.6,12.4,15.2,9.9,136,30.1,10,31.1,16.5,21.4,39.6,7.2,9.5,7.7,7.3,4.9,45,9,8.9,8.2,7,4.9,42,6.9,8.1,8.2,7.3,4.4,33.2,7.6,8.4,7.7,7.5,4.5,24.1,8.1,5.6,7.1,5.4,5.6,,,,,,,12.9,9.8
USNM,12182,Leopardus ,pardalis mearnsi,unknown,Costa Rica,Talamanca,157.4,24.2,127.8,10.2,14.4,10.3,21.3,12.5,15,10.1,149.6,33.5,12.2,33.2,18.2,21.9,41.5,7.2,10.4,8.5,7.8,5.4,46.8,8.9,9.1,8.6,7.6,5.3,43.3,8.1,8.5,7.8,7.6,5.2,34.5,8.2,8.3,8.1,7.5,5.3,22.4,8.7,6.3,6.6,5.1,5.6,16.5,7.2,6.2,6.4,5.1,4,14.1,10.3
USNM,244859,Leopardus ,pardalis pardalis,female,Guatemala,Peten Libertad,143.1,21.4,119,8.7,12.9,9,19.1,11.5,13.3,10.4,136.5,29.8,10.5,28.4,15.8,19.2,37.8,6.5,6.4,8.3,7.4,5.1,43.1,9,6.7,8.2,7.5,4.9,40.3,6.1,6.5,7.5,6.5,4.3,33,6.6,6.9,7.5,7.4,4.4,,,,,,,,,,,,,14.9,10.2
USNM,395090,Leopardus ,tigrinus,male,Guyana,Rupununi,91.9,10.3,76.6,4.4,7.2,5.1,10.7,6.4,8.2,5.8,,,,,,,24.4,3.7,5.4,4.8,4.8,2.8,28,5.2,4.9,4.9,3.9,2.4,26.5,4.3,4.7,4.3,4,2.6,20.2,4.4,3.9,4.5,4.1,2.5,14.5,4.5,3.3,3.6,2.7,2.7,8.8,4,3.5,3.4,3.1,2.2,7.1,5.4
USNM,395089,Leopardus ,tigrinus,male,Guyana,Rupununi,102.1,11.4,85.9,4.7,7.4,5.1,10.9,6.5,7.6,5.6,98.7,17.7,5.9,16.8,8.7,11,28,4.2,5.4,5,4,2.7,32.8,4.8,5,5.1,4,2.9,30,3.7,4.5,4.5,4.1,2.5,23.4,4.5,4.5,4.7,3.7,2.7,13.2,4.4,3.5,3.6,2.7,2.5,9.1,3.9,3.4,3.3,2.7,2.5,7.7,6.2
FMNH,94319,Leopardus ,tigrinus guttula,male,Brazil,Sao Paulo,85,11.7,70.5,4.6,7.6,5.4,11.4,6.8,8.4,4.7,85.3,18,6.1,17,9.1,11.2,,,,,,,,,,,,,,,,,,,,,,,,,,,,,,,,,,,,,,
FMNH,70569,Leopardus ,tigrinus pardinoides,female,Colombia,Huila,81.6,10.1,69.3,4.1,6.6,4.6,9.6,6.1,8,5.4,79.8,15,5.4,14.5,7.6,9.9,23,3.2,4.8,4.7,3.8,2.6,27.1,4.3,4.3,4.1,4.6,2.4,25.5,3.8,4.3,4,3.5,2.4,20.2,4.2,3.9,4.4,3.7,2.4,15.6,4.6,3.2,3.3,2.6,3.3,,,,,,,6.4,5.1
FMNH,70570,Leopardus ,tigrinus pardinoides,female,Colombia,Cundinamarca,84.4,11.1,70.4,4.2,7,4.8,9.8,6,7.4,5.2,84.1,16.3,5.4,15.7,8.3,10.1,23.7,4.1,4.9,4.6,4.2,2.7,28.2,4.5,4.8,4.9,4.2,2.8,26.7,3.9,4.3,4.1,4.1,2.4,21.3,4.7,4.4,4.5,4.2,2.7,15.7,4.5,3.4,3.7,3.1,3.1,,,,,,,6.5,5.3
FMNH,70572,Leopardus ,tigrinus pardinoides,female,Colombia,Cundinamarca,85.4,9.6,73.1,4.3,7.3,4.8,10.2,6.2,8,5.6,85.6,16.8,5.4,15.3,8.6,11,22.8,3.5,5.2,4.6,3.6,2.8,26.4,4.7,4.5,4.5,4.3,2.8,24.4,3.7,4.7,4.6,4.5,2.4,19.5,4.3,5,4.2,4.2,2.5,15.3,5.4,5,3.7,3.2,,,,,,,,6.8,4.8
FMNH,70571,Leopardus ,tigrinus pardinoides,male,Colombia,Cundinamarca,88.3,11.1,73.1,4.5,7.2,4.9,10.9,7.3,8.4,5.8,86.6,17.9,5.8,16.1,8.1,11.1,23,3.9,5.4,5,3.6,3,27.4,5.2,5,4.9,3.8,2.8,25.8,4.1,4.9,4.6,4.4,2.4,20.9,5.1,4.8,4.8,3.3,2.8,15.5,5.2,3.7,4.4,3.2,3.2,,,,,,,7.5,6.3
MVZ,128841,Leopardus,wiedii,female,Mexico,Yucatan,87.6,10,75.5,5.8,8,6,11.9,9.2,10.4,7.6,87,18.1,6.1,18.8,9.7,13.4,25.8,4.6,5.7,5.1,4.3,2.4,30.1,5.6,5.6,4.9,4.5,2.3,28.3,4.4,5.1,4.5,4.4,2,22.2,4.8,4.8,4.7,4.3,2.2,17,4.8,3.9,4.2,3,2.8,11.3,4.7,3.5,3.8,3,2.2,8,6.5
MVZ,124326,Leopardus,wiedii,male,United States,California,108.7,13.9,90.1,5.5,10,6.9,14.7,9.7,11.9,8.7,106.6,22,7.5,22.2,11,14.8,28.5,5,7.3,5.6,5.3,3.2,33.1,6.6,6.3,5.6,5.2,3.1,30.7,5.1,5.7,5.2,5.1,2.7,24.1,5.7,5.7,5.4,5.1,2.8,14.9,5.2,4.3,4.7,3.5,2.9,11.2,4.9,4.1,4.2,3.1,2.7,9.3,6.9
FMNH,121293,Leopardus ,wiedii,male,Zoo/South America,,105.4,13.8,87.6,5.8,9.4,6.5,12.1,8.4,9.8,7.1,99.4,20.1,6.9,19.6,10.1,13.9,27.6,4.7,6.6,5.9,4.7,3.5,29.6,5.2,6,5.8,4.7,3.7,29.2,4.7,6.1,5.3,4.6,3.1,23.7,5.8,5.2,5.5,4.2,2.9,17,5.5,4.2,4.4,3.5,3.4,12.6,4.8,4.2,3.9,3.4,2.1,9.1,7
FMNH,126093,Leopardus ,wiedii,female,Zoo/Neotropics,,120.2,14.5,102,5.7,6,6.8,14.6,8.2,11.7,8,114.6,21.2,6.9,20.7,10.6,15,29.2,4.8,7.2,6.1,5.5,2.8,34.4,6.5,6.3,5.6,5.1,2.6,32.1,4.9,6.2,5.1,5.3,2.6,25.7,5.9,5.7,5.2,5.2,2.6,18.5,6,4.2,5.3,3.6,3.1,,,,,,,9.1,7
FMNH,70568,Leopardus ,wiedii pirrensis,male,Colombia,Putumayo,128.4,16.8,106.5,6.9,11.3,7.5,16.1,10.5,12,7.7,,24.8,9.1,24.5,13.6,16.8,32.3,5.4,7.8,6.8,5.7,3.8,37.8,7.4,7.2,6.5,6.1,3.7,35.5,5.8,6.5,6.3,6.2,3.4,28.7,6.1,6.6,6.3,6,3.7,20.2,6.9,4.9,5.7,4.1,4.5,,,,,,,10.3,8.1
LACM,53676,Leopardus,wiedii salvinia,female,Guatemala,,89.6,,75.5,4.6,7.8,5.3,10.3,7.3,9.2,5.8,86.4,16.6,5.3,16.4,9.2,12,,,,,,,,,,,,,,,,,,,,,,,,,,,,,,,,,,,,,7.5,6
UCLA,10817,Leopardus,wiedii salvinia,male,El Salvador,Mt. Cacaguatique,110.1,13.4,96.7,6.3,9.7,6.4,12.7,8.6,10.9,6.6,108.4,20.8,7.7,20.7,11.1,14.3,29.8,6.6,6.6,6.1,5.6,3.3,35.1,6.4,5.9,6.1,5.2,3.1,32,3,6,5.6,5.5,3.1,25.3,4.5,6.1,5.6,6.1,2.9,18,6.1,5.1,4.7,3.4,3.7,,,,,,,9.5,6.4
FMNH,94321,Leopardus ,wiedii wiedii,female,Brazil,Sao Paulo,99.5,13.1,82.1,4.9,8.6,5.6,12.1,7.6,9.1,6,96.8,18.9,6.6,18.8,9.8,13.1,,,,,,,,,,,,,,,,,,,,,,,,,,,,,,,,,,,,,8.5,5.1
FMNH,52437,Leopardus ,wiedii yucatanica,male,Zoo/Mexico,Yucatan,108.9,14.2,90.9,5.6,8.9,6.3,12,8.5,8.3,7.2,103.8,20.3,7.1,19.7,10.5,13.4,27.4,4.4,6.5,5.9,4.6,2.6,32.4,6.1,5.9,6,4.7,2.6,31,4.5,5.8,5.5,4.8,2.6,25,5.4,6,5.4,4.6,2.4,17.1,5.5,3.4,4.8,3.4,3.3,12.2,4.9,4.7,4.3,3,2.3,9.2,6.8
USNM,521039,Leptailurus ,serval,female,unknown,,175.3,17,154,8.2,11.4,8.6,19.7,11.6,14.2,9.8,163.3,32.3,10.3,26.5,15.5,17.7,52.2,8.9,10,7.1,6.2,4.6,58.5,9.3,9.3,7,6.7,4.6,55.6,6.2,7.3,6.1,6.7,5.1,47.7,6.6,7.4,6.2,6.5,4.1,20,6.5,5.7,5.4,4.5,4.5,15.6,6,5.8,5.1,4,2.9,12.7,9.1
USNM,163092,Leptailurus ,serval,female,Kenya,Meru Road,177.3,18.1,155.5,8.1,11.3,8.6,18.5,11.1,13.3,10.2,157.9,30.6,9.5,26.2,15,17.6,,,,,,,,,,,,,,,,,,,,,,,,,,,,,,,,,,,,,,
USNM,548666,Leptailurus ,serval,female,Zoo,,179.6,18.3,159.2,8.2,12.7,9.4,19.8,12.4,14.3,11.1,156.2,32.6,9.6,28.3,16.3,18.8,57.6,6.6,6.9,7.5,6.9,4.6,62,10.3,8.4,10.7,7.9,4.6,60.9,6.3,7.8,6.7,6.9,4.4,52.4,7.2,7.6,6.1,6.2,3.3,19.7,6.5,5.3,5.3,4.8,3.6,14.8,5.6,5.6,5.1,4.1,2.3,12.4,9
USNM,258240,Leptailurus ,serval,male,Zoo,,199.2,23.2,171.7,9.4,13.5,10.6,22.2,14.4,15.2,12,181.8,37.1,10.6,32.4,19.4,21.4,54.7,9.9,9.7,7.9,7.9,4.4,64.2,10.1,10.5,7.3,8.7,4.8,59.4,7.5,8.8,7.5,6.8,4.6,52.4,8.2,8.6,7.4,7.4,4.6,23.4,7.8,6.2,5.7,5.5,4.3,17.7,6.7,6.9,6.3,5,3.3,14.8,11.5
LACM,90836,Leptailurus ,serval,unknown,Zoo,,196.2,19.7,172.6,9.6,13.5,9.6,21.6,12,16.1,11.3,171.8,36.7,11.3,29.4,17.7,20,59.2,7.8,11.1,7.6,6.6,4.5,66.9,9.2,9.6,8.2,6.9,4.9,63.1,7.1,8.4,7.4,7.1,4.1,56,8.8,8,7,6.2,3.5,18.6,7.4,7.1,6.1,4.9,4.8,14.5,5.8,5.4,5.4,4.3,3.2,14.5,10.1
FMNH,127844,Leptailurus ,serval liptosticta,male,Tanzania,Serengeti Plains,168.2,18.7,142.8,7.8,12.8,9.6,19.7,12.8,15.4,9.7,151.7,33,9.8,29.1,16.4,19.6,56.1,6.4,10.8,6.9,7.4,3.8,63.2,8.4,9.3,7.6,9.1,4.2,59.8,7.1,9.2,7.2,7.7,3.8,51.6,7.9,8.2,7.3,7.8,3.8,22.5,7,7,5.6,4.8,4.7,14.3,5.7,5.5,5.2,4,3,13.3,9.8
FMNH,18956,Leptailurus ,serval liptosticta,female,Kenya,Nairobi,181,21.1,158.2,9,12.3,9.2,19.9,11.8,14.9,10.7,161.7,33.8,12,27.7,17.5,18.8,57.9,7.3,9.9,7.4,7.6,5.2,64.5,10,8.2,7.8,7.6,5.5,65.3,7.3,7.7,7.4,8.4,4.6,52.7,7.3,7.6,7.3,8.3,4.3,23,7,6.3,6.1,4.7,5,16.1,6.2,5.3,5.7,4.4,3,13.9,10.2
FMNH,127843,Leptailurus ,serval liptosticta,male,Tanzania,Serengeti Plains,186.9,21.4,163.3,9.4,12.8,9.8,20.7,12.5,15.1,11,168.2,34.8,10.9,28.8,17.5,20.1,57.1,7.3,10.6,7.3,7.6,4.7,65.3,9.2,9,7.7,7.6,5.2,61.2,7.6,9,7.1,7.7,4.7,53.3,8.6,8,8.1,7,5,22.9,6.9,6.1,6,5,5,16.3,6.5,6.4,5.7,4.8,4.1,13.8,10.6
FMNH,18862,Leptailurus ,serval liptosticta,male,Kenya,Rift Valley,186.6,20.6,163.3,9.2,12.2,9,19.4,12.1,14.9,10.8,168.8,34.6,11.1,28.4,16.5,19.8,54.6,7.2,10.6,8.6,8.1,4.6,62.2,8.6,9.2,7.6,7.3,4.9,59.3,7,9.1,7.1,7.2,4.5,51,8.1,8.1,7.7,7,4.5,22.5,7.1,7.1,5.9,4.9,4.8,15.2,6.2,6.3,6,4.5,3.6,12.9,11
FMNH,95921,Leptailurus ,serval serval,male,Zimbabwe,East Mashonaland,188,22.8,161.2,9.7,12.9,9.4,21.1,13.9,15.4,10.5,167.1,34.8,11.9,29.4,17.2,19.9,56.6,7.3,10.1,7.9,7.2,4.8,62.8,8.2,9.5,7.9,7.7,4.8,60.1,6.8,8.8,6.7,7.6,4.6,51.7,8.3,8.6,7.8,6.8,4.2,23.2,7.7,6.1,5.5,5.1,5.3,,,,,,,12.5,10
FMNH,95997,Leptailurus ,serval serval,female,Zimbabwe,East Mashonaland,190.1,23.1,165.7,8.6,12.4,9.2,19.9,12.2,14.7,10.2,173.6,35.7,10.3,29,17.9,19.1,58,6.5,10.3,8.1,7,5.1,65.5,10.1,8.7,7.7,7.1,4.7,61.6,6.6,8,6.8,6.9,4.2,53.3,7.6,7.9,7.1,6.8,4.1,22.4,7.2,6,5.9,4.7,4.5,16.4,5.8,5.6,5.1,4.6,4,12.8,10.2
LACM,90776,Lynx,canadensis,female (17.5lbs),Captive,,175.8,17.4,154,8.6,12.8,9.2,19.3,11,13.8,9.5,150.3,29,9.3,27.5,15.6,18.9,55.1,7.6,9.3,9,8.1,4.6,64.5,8,8.4,9.3,7.6,4.9,60.7,7.3,8.4,9,7.5,4.7,49.8,8.7,7.5,8.7,7.5,4.5,34.6,9,6.2,6.6,5,4.2,26.8,7.6,5.6,6.2,4.8,3.2,13.4,9.7
UCLA,15351,Lynx,canadensis,female,Takotna,Alaska,180.9,19,157.4,8.8,13.5,9.5,20.8,12.6,15,11,163.5,31.3,10.5,29.9,17.1,20.5,57.5,7.1,10.4,9.4,8.4,5.1,65.1,8.8,8.8,9.3,8.5,5.3,62.6,7.6,8.6,8.9,8.2,4.9,50,8.9,7.6,8.9,7.8,5,36.9,9,6.8,6.9,5.5,4.3,28.9,7.5,6.5,6.5,5.4,3.5,13.7,9.7
LACM,90777,Lynx,canadensis,male (24.5lbs),Captive,,190.7,19.4,165.6,8.1,14.3,9.8,22.7,12.2,15.1,9.3,165.1,32,10.1,31.3,17,20.7,59.1,8.5,10.2,9.9,8.5,5.1,69.2,9.6,8.7,9.9,8.4,5.2,66,7.5,8.3,9.3,8.1,5.2,53.5,9.4,7.6,9,8.1,5,41.1,9.7,7.2,7.1,6,4.7,32.3,9.1,7.1,7.5,6.2,4.6,14.3,10.3
MVZ,9519,Lynx,canadensis,male,United States,Alaska,191.4,20.2,165.8,9.7,14.5,10.7,22,13,15.5,10.1,170.3,32.9,10.7,31.5,18.3,22.5,57.6,7.7,10.4,10,8.9,5.4,66.1,9.8,9.4,10.2,8.9,5.5,63.9,8,9.5,9.4,8.8,5.2,52.6,9.5,8,9.1,8.1,5.3,27.3,8.3,6.6,6.2,4.8,4.1,24.3,8.1,6.9,7.1,5.7,4.6,14.8,10.9
MVZ,184071,Lynx,canadensis,male,United States,Alaska,197.9,22.4,172,10.3,14.8,10.9,23.2,15.1,16.2,10.4,175.7,32.7,11.5,32.6,19.3,23,59.7,9.1,9.1,10.5,9,5.8,67.6,10,11.3,10.5,8.4,5.7,62.9,8.2,8.9,10.1,9.7,5.6,54.1,9.9,7.4,9.8,10,5.7,41.2,9.9,8.3,7.3,5.9,5,,,,,,,14.7,10.4
UCLA,13097,Lynx,canadensis mollipilosus,female,Takotna,Alaska,182.5,20,156.7,9.1,13.1,9.6,20.1,12.3,16.5,10.9,161.5,30.1,9.7,28.9,16.5,19.7,55.7,6.4,10.1,9.4,7.9,4.9,63.1,7.9,8.7,9.2,7.9,5.1,60.1,7.5,8.7,8.6,7.7,5,49.2,8.6,7.1,8.8,7.7,4.8,35.3,9,6.7,6.7,5.2,4.5,27.9,7.2,6.2,6.2,5,3.7,13.7,9.5
UCLA,13093,Lynx,canadensis mollipilosus,male,Ophir,Alaska,184,22.3,160.7,9.6,14.1,10,21.9,13.5,16.9,10.5,167,32.7,10.6,30.7,17.9,20.7,55.1,7.1,10.1,9.9,8.4,5.3,64.2,8.5,8.6,9.9,8.4,5.6,61.3,7.5,8.4,9,8.3,5.4,49.8,8.9,6.9,8.5,8,4.9,32.1,9.6,7.3,7.2,5.7,5.2,26.8,7.5,6.6,6.4,5.4,4.2,14.3,10.4
UCLA,13089,Lynx,canadensis mollipilosus,female,Takotna,Alaska,184.9,20.6,162.3,9.2,13.9,10.4,21.7,12.7,17.5,11.2,166.9,31.7,10.9,30.7,17.6,21.1,57.6,6.9,10.4,10.1,8.6,5.4,65.4,9,9,10,8.4,5.7,62.6,7.2,8.6,9.2,8,4.8,51.8,9,8.1,9.1,8.1,5.2,32.4,8.4,7.4,6.9,5.5,4.4,23.9,8.4,6.8,7.3,5.6,4.5,14.6,9.9
UCLA,13098,Lynx,canadensis mollipilosus,male,Ophir,Alaska,195,22.6,169,9.7,14.6,11.2,22.3,14.7,18.2,11.7,175.9,33.4,11.4,32.3,18.9,22.2,60.9,7.5,10.9,9.5,8.8,5.4,69.7,9.8,9.3,10.4,9.1,5.8,67.2,7.9,9,9.7,9,5.5,55.3,9.6,8.5,9.6,8.8,5.4,38.1,10,7.2,7.4,5.7,4.7,30.5,8.1,6.9,7,5.8,3.9,15.3,10.2
USNM,84090,Lynx,lynx,female,India,Jammu and Kashmir,194.3,26.5,162.2,10.6,15.5,11.1,27,14.3,21,11.5,172.6,37.7,12.8,36.2,20.8,23.1,54.1,10.6,10.1,9.6,10.9,5.8,62.1,9.9,15.5,10.9,10.4,6.2,58.7,7.8,9.6,9.3,9.5,5.9,46.9,9,8.3,8.6,10.1,5.4,33.6,10.5,8.7,7.9,6.8,6.4,,,,,,,16.4,11.2
USNM,A01034,Lynx,lynx,unknown,Sweden,,229.7,30.2,194.5,14.4,18.3,13,28.6,16.2,19.7,14,205.2,41.9,14.9,41.6,23.6,27.3,71.5,10,14.1,11.5,10.8,6.5,80.3,12.1,12.1,11.8,10.8,7.3,77.2,11.5,9,11.1,10.6,7,62.7,11.7,11.1,11,10.2,6.6,39,11,8.4,8.6,6.8,6.4,30.6,9.2,8.6,8.2,6.1,4.8,18.5,13.3
USNM,152619,Lynx,pardinus,male,Spain,Huelva,180.1,26.1,151.2,11.4,14.1,9.7,19.8,12.1,14.1,10.4,156.4,32.7,10.3,29.8,17.5,20.7,47.6,7.5,8.7,8.4,7.9,5.1,53.8,7.3,12.3,8.1,7.6,5.1,49.3,6.7,7.2,8.5,7.7,4.8,39.5,8.9,6.3,8.4,7,4.9,,,,,,,,,,,,,13.5,10.8
MVZ,74569,Lynx,rufus,male,United States,Oregon,164.1,20.3,137,8.9,11.8,8.6,18.8,12.1,12.9,9.5,151.2,29.4,10.6,27.6,15.9,19,46.1,6.5,9.8,7.7,6.6,4.4,52.4,9.4,9.4,7.8,7.4,5.2,48.9,5.7,7.8,7.2,7,4.8,40.2,6.8,7.3,7.3,6.8,4.5,24.3,7.2,5.5,5.5,4.7,4.5,18.4,5.9,5.7,5.3,4.3,3.7,12.3,9.3
MVZ,47138,Lynx,rufus,unknown,United States,Nevada,164.8,21.4,139.1,8.7,11.7,8.3,18.9,10.6,12.7,10,150.6,29.6,10,25.9,14.8,18.8,48.4,6.4,9.4,7.8,7.1,4.1,53.8,8.6,8.6,7.7,7.4,4.7,50.7,6.1,8,7.1,7.1,4,43.3,7.3,7.2,7.4,6.7,4.2,21,6.8,6.3,5.6,4.6,4.1,16.6,6.6,6.8,6,4.8,4.1,,
MVZ,78414,Lynx,rufus,unknown,United States,Utah,169.2,19.6,143.4,9.6,12.8,9.1,21.2,10.9,14,10.1,157.8,31.3,10.8,28.3,16.6,19.5,48.9,7.3,10,8.3,8.1,4.7,54.5,9.5,8.8,8.4,8.2,5,51.7,6.8,8.2,7.5,8.1,4.4,41.9,7.9,7.6,7.6,7.6,4.2,25.4,8,6,6,5.2,4.9,15.4,6.4,6.1,5.7,4.6,4.4,12.9,9.8
MVZ,96800,Lynx,rufus,unknown,United States,Colorado,172.1,20.2,145.2,9.4,12,8.4,19.1,11.1,13,8.5,156.6,28.6,11,27,15.5,18.5,47.5,7,9.3,7.6,6.6,4.1,52.9,9.4,8,8.1,6.5,4.7,50.6,6.1,7.6,7,6.5,4.2,42.3,7.3,6.9,7,6.5,4.5,20.7,7.1,6,5.6,4.6,4.5,15.3,6.5,6.4,5.8,4.8,3.8,12.4,9.2
LACM,52220,Lynx,rufus californicus,female,U.S.,California,148.2,16.5,124.6,7.5,11,7.9,17.6,10.1,12.1,7.9,131.4,27.5,9.4,24.6,14.1,16.2,,,,,,,,,,,,,,,,,,,,,,,,,,,,,,,,,,,,,11.3,7.5
LACM,45023,Lynx,rufus californicus,female,U.S.,California,150.8,16.8,127.1,8.2,11.2,8.2,18.5,10.9,12.9,8.5,142.3,27.7,9.7,25.3,14.4,17,41.3,6.7,8.5,7,6.5,3.7,48,8.2,7.7,7.1,6.8,4.4,47.1,5.6,7.3,6.5,6.7,4,38.2,7,6.8,6.6,6.6,4.1,17.3,6.2,5.2,4.9,3.9,3.5,,,,,,,,
LACM,45024,Lynx,rufus californicus,male,U.S.,California,152.5,19,129.6,8.4,12.4,8.6,18.6,11.4,12.8,9.8,144.6,29,10.6,26.7,14.6,15.7,44.1,6.7,9.2,7.7,7.1,4,49.4,8.5,8.2,7.6,7,4.8,47.8,6.1,7.5,7.2,6.9,4.3,38.8,7.3,7.3,6.8,6.5,4.3,19.5,6.7,6.6,5.4,4.3,4.4,,,,,,,,
LACM,87628,Lynx,rufus californicus,female,U.S.,California,153.3,16.1,131.3,7.9,12,8.3,18.5,11.1,13,9.2,137.9,27.4,9.9,26.1,14.6,17.9,41.3,7.6,8.8,7.3,7,4.4,46.9,8.4,8.8,7.4,7.1,4.6,45,6,7.8,7,6.9,4.1,35.8,7.1,6.9,7.1,6.4,4.2,23.2,7.3,6,5.7,5,4.5,17.3,6.5,6.2,5.5,4.4,2.9,12.6,9.4
LACM,87422,Lynx,rufus californicus,male,U.S.,California,159.8,20.6,134.3,8.3,11.6,8.2,18.6,12.6,12.8,9.1,143.7,27.9,10.3,26.5,14.8,18.2,44.8,7.7,8.7,7.6,7.1,4.5,50.5,8.5,8,7.7,7.2,4.5,47.6,6,7.7,6.9,7.1,4,40,7.3,6.9,6.8,7,3.9,23.2,7.4,5.7,6.2,4.7,4.2,17.3,5.9,5.7,5.4,4.4,3.2,12.6,9.6
LACM,52218,Lynx,rufus californicus,male,U.S.,California,160.8,20,134.7,8.1,11.6,8.1,18.8,10.3,12.9,8.1,146,28.7,9.6,25.6,14.9,18.2,44.6,6.6,9,7.5,6.7,4.2,,,,,,,,,,,,,,,,,,,,,,,,,,,,,,,12,7.8
LACM,45026,Lynx,rufus californicus,male,U.S.,California,158.4,18.9,135.2,7.9,11.1,8,17.6,10.2,12.3,8.3,141.3,28.1,9.2,24.6,14.2,15.8,43.6,7,8.4,7.3,6.6,4,48.7,8.2,7.6,7.3,6.7,4.3,46.6,5.3,6.9,6.6,6.7,3.7,39,6.8,6.7,6.6,6.2,3.7,19.6,6.9,6.4,5.7,4.7,4.7,,,,,,,11.4,8.2
LACM,45022,Lynx,rufus californicus,female,U.S.,California,165.6,19.5,135.6,8.2,12,8.5,18.2,11.4,13,9.2,153.2,29.9,10.2,26.5,15.6,18.9,46.3,7.7,9.5,7.7,6.9,4.6,51.9,8.1,8,7.8,7,4.7,49.4,6.1,7.8,7.2,6.9,4.2,41.6,6.9,7.4,7.5,6.5,4.3,26.1,7.1,5.9,6.2,5.2,4.4,,,,,,,,
LACM,45027,Lynx,rufus californicus,male,U.S.,California,165.3,18.6,138.2,8.5,12.6,9.1,19.4,11.2,13.3,9.8,147.5,29.7,9.9,28.1,15.9,19.3,46.5,8.5,9.6,7.7,7.1,4.1,51.4,9.6,8.8,8.2,7.1,5.1,49.1,6.3,8.2,7.6,7,4.2,41,6.8,7.4,6.9,6.9,4.1,25.8,7.6,6.4,6,5,4.3,,,,,,,13,8.6
LACM,712,Lynx,rufus californicus,male,U.S.,California,162.6,17.8,138.5,7.4,12.3,8.9,18.7,11.9,14.3,9.2,152,31.2,9.9,26.5,15.1,18.4,45.9,6.8,9.5,7.5,7.1,4.2,53.6,8.6,8.7,7.6,7.1,4.8,51.9,6.5,7.8,6.9,7,4.2,41.8,6.9,7.6,7.1,6.6,4.2,,,,,,,,,,,,,12.6,9.1
LACM,52214,Lynx,rufus californicus,male,U.S.,California,164.4,20,139.4,8.5,12.3,8.5,19.4,12.1,12.8,8.9,148,29,9.7,26.8,15.4,18.9,,,,,,,,,,,,,,,,,,,39.5,7,6.5,7.5,6.6,4.1,20.3,7.6,6.6,6.1,4.9,4.8,,,,,,,12,9.7
LACM,52209,Lynx,rufus californicus,male,U.S.,California,164.7,19.9,139.6,8.9,12.6,8.6,19.2,12.8,14,9.5,148.5,28.1,10.3,27.9,16.6,19.3,,,,,,,,,,,,,,,,,,,,,,,,,,,,,,,,,,,,,12.9,9.2
LACM,52210,Lynx,rufus californicus,male,U.S.,California,167,18.1,141,8.4,11.9,8.4,19.8,10.8,12.4,9.3,150.9,29.3,9.3,26.6,14.8,18.4,44.6,7.1,8.8,7.6,7.1,4.3,51.8,8.6,8.1,7.6,7,4.7,49.7,6.5,8,7.2,6.2,4.2,40.2,7.3,7.1,7.4,6.9,4.1,25.2,7.3,6.1,6,5.1,4.6,18.4,6.3,6.2,5.8,4.7,3,12.3,9.2
LACM,52307,Lynx,rufus californicus,male,U.S.,California,167.3,20.2,144,9,11.5,8.4,18.9,11,13.1,8,152.6,30.4,10.2,27.4,15.6,18.8,45.8,7.3,9.2,7.7,7.2,4.3,51.7,9.3,8.1,8.2,7.2,5.1,49.6,6.3,8,7.4,7.2,4.6,40.9,7.3,7.3,7.3,6.7,4.4,21.5,7.3,5.9,5.8,4.7,4.7,18.3,6.7,6.3,5.9,4.8,4.4,12,9.4
LACM,31665,Lynx,rufus rufus,female,U.S.,Michigan,155.9,18.1,131.8,8.4,12.7,8.4,19.8,12,13.4,9.6,139.7,28.9,10.1,27.8,15.7,19.3,44.7,7.5,10.1,8.4,7.1,4.3,49.8,9.4,8.4,7.7,6.9,4.8,47.4,6.7,8.1,7.2,6.9,4.1,40.2,7.5,7.7,7.2,6.9,4.5,25.2,7.6,6.5,6.1,5,4.6,,,,,,,12.7,9.5
USNM,399291,Neofelis,nebulosa,female,Zoo,,136.1,21.5,107.9,9.6,14.2,10,20.8,11.8,15.9,9.7,134.3,33.7,10.3,31.3,18.6,21.7,34.1,7.1,10.7,8,7.6,4.7,41.2,9.4,9.5,8.7,7.7,4.7,39.5,7.8,9.3,7.7,7.8,4.4,30.7,7.9,7.7,7.7,7.4,4.8,24.9,8.9,6.3,7,4.8,5.3,19.2,7.5,6,6.6,4.8,4.2,15.1,9.9
USNM,198705,Neofelis,nebulosa,female,Indonesia,Borneo,132,17.3,109.5,8.7,12.5,9.5,19.5,12.3,14.9,9.6,135.4,29.6,9.3,28.4,15,19.4,33.1,7.3,9.4,7.7,6.6,4.9,39,9.9,9,8.9,7.3,5,38.2,6.8,8.3,7.7,7.1,4.7,30.3,6.4,7.8,7.6,7.2,4.9,21.6,8.6,6.2,6.9,4.7,6,16.5,7,5.6,6.1,4.3,3.5,13.5,8.7
FMNH,104730,Neofelis,nebulosa,female,Zoo/Southeast Asia,,139.7,21.8,112.7,10.6,14.4,9.8,23.5,12.9,16.1,10.1,142.1,34,10.9,33.5,17.1,22.3,36.4,7.2,10.8,8.6,7.9,4.5,43.5,9.8,10.4,8.8,7.1,4.6,42.4,7.6,9.4,8.5,7.6,4.7,33.8,8.2,8.4,8.4,7.3,5.3,27.8,9.4,7,7.5,5.2,5.8,,,,,,,14.7,9.4
USNM,399290,Neofelis,nebulosa,female,Zoo,,145.7,20.9,117,12.5,16.3,11.1,26.2,15.3,16.6,11.2,147.9,38.1,11.9,36.4,20.1,24.9,36.9,7.8,11.2,8.7,8.8,5.4,43.9,10.7,10.1,9.3,8.5,5.6,43,7.7,9.8,8.7,8.7,5.1,33.2,8.8,8.5,8.6,8.2,5.5,22.7,8.8,7.1,7.3,5,6.1,19.6,8.2,7,7.1,5.5,5,,
FMNH,183653,Neofelis,nebulosa,female,Zoo,,149.7,24.6,119.2,11.9,15.3,11.5,24.8,14.3,17.1,9.2,152.8,36.7,12.6,35.8,20.3,25.6,39.7,8.1,11.3,8.7,7.6,5,45.5,10,10,8.8,9.1,5.2,43.3,8.1,8.2,8.7,7.8,4.9,35,8.5,8.4,8.1,8.3,5.4,28.8,10.2,6.4,7.7,6.3,5.9,23.9,8.4,6.8,7.3,5.1,4.2,17.3,11.3
USNM,396639,Neofelis,nebulosa,male,Zoo,,151.6,24,120.1,11.3,16.9,11.9,26.2,16.5,17.8,12,150,36.8,11.3,38.7,20,25.4,42.7,7.9,11.8,8.9,8.8,5.4,50.4,11.1,11.5,10.1,8.6,5.7,46.9,8.4,9,9,8.6,5,39.3,9.7,9,9.1,8.7,5.7,32.1,11.1,7.8,8,5.7,6.3,25.4,9.2,7.6,8.4,6,4.8,16.8,11.6
USNM,545387,Neofelis,nebulosa,female,Zoo,,148,20.7,120.3,11.7,15.9,11.3,23.8,14.9,16.9,10.8,145.1,35.3,12.3,34.4,19.5,23.9,37,7.1,10.9,9.5,8.8,5.4,42.7,10.2,10.1,9.6,8.4,5.2,42.5,7.9,8.6,8.3,8.3,4.9,33.4,7.5,7.8,8.5,8.2,5.2,24.6,9.7,6.6,7.5,5.3,6.5,21.7,8,7.2,7.2,5.7,4.4,14.7,10
FMNH,54304,Neofelis,nebulosa,male,Zoo/Asia,,152.5,23,121.1,12.8,17.1,12.2,27.1,13.9,17.9,11.7,148.7,40.4,13.6,40.4,21.8,27.3,38.5,8.3,11,9.3,8.9,5.6,45.4,10.2,10,10.2,8.8,5.7,44.2,8.6,10.2,9.3,9,5.4,34.9,9.5,9.4,9.1,8.3,5.6,30,11.1,7.6,8.3,5.9,7.1,22.9,9.1,7.7,7.8,5.6,4.3,17.3,11.1
FMNH,186436,Neofelis,nebulosa,female,Zoo,,162.9,28.8,130,14.3,19,13.8,28,15.3,20.4,12.6,165.1,42,13.7,42,22.8,30.4,40.8,8.4,12.4,10.2,9.9,6.1,47.3,10.4,12.3,11,9.4,6,44.9,8.1,8.5,9.4,10.2,5.5,39.9,7.1,10.3,9.8,8.5,6.8,32.4,11.6,8.3,8.5,6,7.2,24.6,9.6,8.4,8.5,6.4,5,17.4,12
USNM,A49974,Neofelis,nebulosa,male,Indonesia,Borneo,164.9,24.7,134.7,12.5,17.4,12.7,27.8,16.7,17.7,12.7,172.2,40.2,13.5,39.7,20.5,28.1,41.4,8.2,12.5,9.8,9.5,6.5,47.2,11.5,11.3,10.9,9.8,6.7,46.2,8.6,10.5,9.7,9.7,6,38.4,9.8,9.6,9.8,9.1,6.1,25.8,10.3,7.1,8,5.7,6.7,22.6,9.3,7.4,8.2,5.7,5.2,18.2,11.6
USNM,172785,Oncifelis,colocolo,unknown,Argentina,Viedma,100,11.6,83.1,4.7,8.9,6.3,12.2,7.9,9.2,6.5,87.3,18.5,5.6,18.1,9.9,13.9,27.3,4.4,6.9,4.7,4.8,2.6,31.7,5.6,5.8,5,5.8,2.6,30.4,4.6,5.8,5,5,2.5,24.6,3.9,5.1,4.6,5.4,2.8,15.2,4.4,3.4,3.5,3.2,2.7,,,,,,,8.7,6.2
USNM,540867,Oncifelis,colocolo,male,unknown,,112,13.6,94.2,5.2,8.9,6.2,12.9,7.1,9.3,5.5,108.7,20.6,6,19.4,10.4,13.5,31.4,4.2,5.4,5.3,4.7,2.7,35.9,6.2,6.3,5.2,4.3,3,34.4,5.5,5.4,4.6,4.8,2.7,28.2,3.6,5.5,4.9,4.7,3.1,15.9,5.4,3.8,3.9,3.3,2.7,12.8,4.2,3.9,3.7,2.7,1.9,8.5,6.3
FMNH,104925,Oncifelis ,colocolo,female,Zoo/South America,,82.6,12.2,67.9,5.4,6.9,5.2,11.4,6,8.1,5.5,78.8,17.6,5.4,17.1,8.9,10.7,25.9,3.8,5.3,4.3,4,2.2,29.2,5,4.7,4.4,4,2.3,28,3.8,4.6,4.1,3.8,2.1,22.7,3.6,4.2,3.9,3.8,2.4,12.3,4.5,3.4,3.4,2.8,3,7.9,3.6,3.3,3.2,2.4,2.5,6.8,5.1
FMNH,52488,Oncifelis ,colocolo garleppi,male,Peru,Puno,113.9,16.5,93.2,5.3,9.2,6.8,13.1,8.4,10.4,6.4,106.9,22.7,7.6,21.3,11.5,14.4,28.5,4.8,7.1,5.5,5.1,3.2,33.1,6.6,6.3,5.5,5,3.5,31.8,4.9,5.9,5.2,5.1,3,25.4,5.9,5.7,5.2,5,3.2,,,,,,,,,,,,,9.2,7.2
USNM,396638,Oncifelis,geoffroyi,unknown,Zoo,,90.5,12.2,76.5,4.9,8.3,5.9,12.1,7.1,8.6,6.4,88.9,18.8,5.4,17.8,9.5,12.4,26.8,4.6,5.7,4.6,4.6,3.3,31,5.7,4.8,4.6,4.4,2.4,29.4,4.7,4.9,4.2,5,2.3,23.3,4.5,4.1,4.3,4,2.6,16,4.3,3.5,3.8,3.2,2.5,11.2,4.3,3.8,3.6,3.1,2.1,8.4,6.6
USNM,574136,Oncifelis,geoffroyi,female,Zoo,,94.2,11.8,80,4.6,7.8,5.6,11.5,6.6,8.5,5.6,92,18.6,6,17.3,8.9,12.1,26.9,4.3,4.7,4.6,4.4,2.7,30.9,5.3,5.5,4.5,4.8,2.5,29.7,4.2,5.3,4.2,4.3,2.6,23.1,4.5,4.4,4.2,3.9,2.5,15.7,4.7,4,3.7,3.1,2.7,11.2,3.8,3.6,3.4,2.9,2.3,7.6,5.8
USNM,297847,Oncifelis,geoffroyi,female,Zoo,,101.1,13.2,84.8,5.6,9,6.5,12.5,8.1,10.8,7.1,99.2,21.8,7.2,20.4,11.3,14.2,27.8,5.2,6.8,5.5,4.6,3.4,32.2,5.9,5.8,5.6,4.7,2.9,30.5,4.5,6.1,4.9,4.7,2.8,24.1,5.3,5.8,5,4.6,3.5,16,5.3,3.6,4.2,3.4,3.5,12,4.6,4.4,4.1,3.2,2.2,9.5,6.5
FMNH,134485,Oncifelis ,geoffroyi,female,Zoo/South America,,93,12.2,77.9,5,7.5,5.2,11.6,6.6,8.4,5.4,88.9,18.8,6.4,17,9.3,12,23.8,4,5.8,4.7,4.3,2.7,28.8,5.1,5.3,4.9,4.3,2.8,27.3,4.1,5.1,4.5,4.4,2.3,20.9,4.8,4.9,4.3,4.2,2.4,14.7,4.9,3.2,3.9,3.3,3,10.1,5,4.4,3.8,3.1,1.8,7.4,5.9
FMNH,121290,Oncifelis ,geoffroyi,male,Zoo/South America,,98.3,12.7,82.2,5.3,8.7,6,11.9,7.4,10,6.7,93.4,20.9,6.9,19.1,11.1,13.2,28.6,4.6,6.6,5.4,4.1,3.1,32.4,4.9,6.1,4.8,4.8,2.9,30.5,4.7,5.8,4.6,4.9,2.7,23.8,5.4,5.5,4.5,4.5,2.9,16.9,5,3,4.1,3.3,2.9,12.4,4.5,4.3,4.1,3,2.6,8.2,6.4
FMNH,129394,Oncifelis ,geoffroyi,male,Zoo/South America,,105.9,14.6,88.5,5.6,8.8,6.3,12.4,7.1,9.3,6.7,103.2,21.7,7,19.9,10.7,13.4,28.2,4.6,6.4,5,4.6,3,32.8,5.8,5.8,5,4.5,2.9,30.9,4.5,5.2,4.8,4.5,2.5,24.1,5,4.9,4.5,4.3,2.6,15.5,4.9,3.8,3.9,3.3,3,12.3,4.4,4.1,3.9,3.2,1.9,8.8,6.2
FMNH,57629,Otocolobus,manul,unknown,Zoo/Asia,,97.5,11.7,81.6,4.9,9,6.3,11.9,8.6,9.7,6.2,92.5,18.3,6,17.8,9.4,12.2,24.1,4.1,5.6,4.3,4.6,2.3,27.9,5.9,5.6,4.9,4.5,2.7,26.9,4.7,5.2,4.6,4.5,2.4,21.5,4.9,4.6,4.5,4,2.6,16.1,4.6,3.7,3.6,3.2,2.9,12.3,3.9,3.7,3.6,2.8,1.7,8.6,6.2
LACM,90728,Otocolobus,manul,female,,,102.8,11,87.1,5.5,8.8,5.8,12.2,8.5,9,6,96.3,18.9,6.4,18.5,9.5,12.7,24.4,4.2,6.3,4.8,4.3,2.7,27.9,5.5,6.3,5.2,4.2,2.6,27.2,4.5,6.6,4.7,4.1,2.4,21.6,4.7,5.5,4.8,3.7,2.8,15.5,5,3.8,4,3,2.9,,,,,,,,
FMNH,125386,Otocolobus,manul,female,Zoo/Asia,,109.6,13,92.6,5.5,9.4,6.1,12.4,8.9,9.1,6.6,104.6,19.5,6.6,19.5,10.3,12.9,26.5,4.4,6.4,5.2,4.5,2.6,30.8,5.6,5.7,5.2,4.4,2.7,29.9,4.9,6,4.9,4.4,2.6,22.9,5.3,5.2,4.3,4.2,2.9,16.7,4.8,3.9,3.9,3.1,2.5,13.1,4.1,3.8,3.8,3.1,1.9,8.1,6.5
FMNH,129496,Otocolobus,manul,female,Zoo/Asia,,112.2,14.2,95.8,5.4,9.4,6.1,12.8,7.9,9.4,6.5,101.6,19,6.2,19.2,10,13.3,26.8,5.2,5.9,4.5,3.5,2.5,31.6,6.1,5.2,4.7,4.2,2.7,29.6,4.9,5.7,4.6,4.2,2.8,23.6,5.4,5.7,4.2,4.3,3.1,16.5,4.8,3.5,3.6,3,2.9,13.3,3.9,3.7,3.7,2.9,1.8,8.3,6
FMNH,60691,Otocolobus,manul,female,Zoo/Asia,,112.8,13.1,95.9,5.8,9.8,6.5,13.6,7.7,9.1,7.2,104.3,20.4,7.4,19.3,10.4,13.9,27.1,5.2,6.2,5,4.8,2.2,31.9,6.4,5.9,5.5,4.7,2.7,30.2,5.1,5.9,5.1,4.6,2.5,24.9,5.2,6,5,4.6,2.5,18.2,5.1,3.5,4,3.4,2.6,,,,,,,8.3,6.3
FMNH,60733,Otocolobus,manul,unknown,Zoo/Asia,,115.9,14.1,97.8,5.7,9.5,6.6,13.1,8.1,9.1,7.4,108,20.5,7.2,18.7,10.3,12.9,28.6,4.3,6,4.8,4.5,2.6,33.7,5.7,5.9,5.4,4.3,2.9,32,4.8,5.5,5.4,4.4,2.7,25.4,5.8,5.5,5.7,4.4,2.8,18.3,5,4.3,3.7,3.2,2.7,13.8,4.2,4.6,3.8,3.3,1.8,8.6,5.8
FMNH,135737,Otocolobus,manul,male,Zoo/Asia,,119.2,14.9,98.8,6.4,10.6,7.1,14,8.4,8.4,7.2,112.2,22.9,7.5,21.6,11.5,14.7,,,,,,,,,,,,,,,,,,,,,,,,,,,,,,,,,,,,,,
FMNH,60734,Otocolobus,manul,female,Zoo/Asia,,119.9,15.4,99.8,6.2,10.3,6.8,13.7,8.7,9.5,7.1,112.1,22.2,7.2,20.5,11.2,14,28.4,4.2,6.4,5.4,4.9,2.9,33.7,6.2,6,5.3,5,3.1,30.8,5,5.5,5.4,4.8,3.1,25.4,4,5.3,5.2,4.7,3.2,18.3,5.4,4.3,4.2,3.6,3.3,14.4,4.3,4.2,4.3,3.5,2,8.6,7
FMNH,60612,Otocolobus,manul,male,Zoo/Asia,,120.3,15.5,101.4,6.1,10.3,7.1,13.4,8.6,10.1,7.4,112.5,21,6.7,19.9,10.6,14.5,28.6,4.7,6.4,5.3,4.6,2.7,33.2,6.3,6.1,5.9,4.2,3.1,32.2,5.4,5.9,5.8,4.9,3,25,5.2,5.8,5.2,4.7,3.2,15.2,5.5,4.1,3.7,3.1,3,11.3,4.2,4.5,4.1,3.2,2.2,9.2,7
FMNH,60611,Otocolobus,manul,male,Zoo/Asia,,123.3,14.3,103.1,6.3,10.8,7.2,14.7,8.6,9.9,7.5,114.2,21.9,7.3,21.2,11.1,15.1,28.2,4.7,6.6,5.4,5.3,2.7,33,5.8,6.1,6,6,3.2,32.6,5.1,6.1,5.5,5.2,3.3,25.9,5,6.3,5.1,4.8,3.5,15.9,5.6,4.1,4.2,3.6,2.9,15,4.4,4.4,4.3,3.7,2.2,9.4,6.9
USNM,161914,Panthera,leo,female,Kenya,Kapiti Plains,308.8,53.8,263.9,23.6,35.7,27.5,50,29.4,39,22.6,291.5,77.5,25,71.8,46.6,49.4,,,,,,,,,,,,,,,,,,,,,,,,,,,,,,,,,,,,,,
USNM,A12319,Panthera,leo,male,Captive,,330.7,49.5,266.9,24.9,38.1,26.6,53.6,29.3,38.6,24.3,290.3,80.1,23.8,70.3,42.6,56.1,94,20.5,26.7,19.6,17.9,11.9,101,19.1,21.6,19.3,17.8,13,102.7,16.4,21.1,18.4,18.1,12.2,84.6,20.9,22.2,17.4,17.8,10.4,48.6,19.5,14.9,12.9,12.6,12.4,38.4,14.9,14.3,15.6,10.5,9.2,34.7,24
USNM,163329,Panthera,leo,female,Kenya,Laikipia,317.4,55.6,272.3,26,36.2,25.6,53.2,30.4,40.4,22.9,295.5,83.2,25.3,75.2,48.9,52.6,,,,,,,,,,,,,,,,,,,,,,,,,,,,,,,,,,,,,,
UCLA,2470,Panthera,leo,unknown,,,342.5,66.7,283,26,38.8,29.5,58.1,33.6,42.9,25.6,314.1,93.5,27.8,83.2,54.1,60.4,96.2,20.1,27.7,19.9,19.6,12.6,105.9,26.4,25.1,22.7,21.8,14.9,104.2,20.3,24.2,21.4,20.1,14.6,88.5,22.9,22.5,20.3,20.6,13.9,53,21,17.6,16,13.1,13.1,40.4,17.4,16.8,16,11.8,9.7,40,27.9
LACM,171,Panthera,leo,female,,,340.4,57.1,284.9,23.3,36.4,27.7,49,30.5,41.8,23.4,304.4,82.5,25.2,75.3,51.2,55.2,,,,,,,,,,,,,,,,,,,,,,,,,,,,,,,,,,,,,,
USNM,A22705,Panthera,leo,male,unknown,,353,64.5,297.7,22.1,41.8,29.8,59.7,34.7,41.6,27.6,304.5,96.5,27.8,93.8,53.4,63.4,97.4,21.2,28.7,20.9,20.6,13.1,113.7,25.5,24.3,22.8,21.1,13.9,109.5,19,24.2,20.2,20.6,13,90.3,25.7,24.3,19.7,21.2,12.6,45.9,20,18.6,16.1,13,14.1,39.8,16.9,17.5,16.4,13.2,8.4,40,26.3
MVZ,184076,Panthera,leo,male,unknown,,365.5,61.7,301.2,26.93,39.4,26.8,54.3,35,43.8,25.8,330.9,89.2,26.6,84.4,53,57.7,109,22.5,29.2,20.4,21.2,10.6,119,25.9,25,21.6,20.5,13.4,118,22.1,23.8,20.6,20.7,14.3,94,25,23.3,19.8,20.2,12.4,44.46,18.4,17.5,14.7,11.8,12.6,31.6,16.5,15.6,14.6,11,9.8,41.6,26.2
USNM,172677,Panthera,leo,male,Zoo,,364.2,62.4,305.6,29.5,40.3,28.2,58.7,35.6,43.5,27.6,334.8,91.3,27.9,79.4,55.6,58.8,105.3,25.5,27.1,21.7,17.9,13.4,116.3,29.5,25.5,22.6,24.7,14.6,111.1,20.8,23.8,19.8,21.1,13.7,91.6,23.9,24.6,20.8,21,14.2,53,20.5,15.2,16.4,13.2,13.3,40,17.5,18.5,16.3,12.2,8.7,40.2,26.6
USNM,163330,Panthera,leo,male,Kenya,,385.1,66.6,309.3,31.3,43.8,30.4,61.4,35.5,45.5,28.6,352.1,94,28.9,90.4,58,61.6,108.1,22,31.3,21.5,22.1,14.3,121.1,27.5,27.3,23.1,22.2,15.7,119.3,20.2,25.4,21.1,22.5,14.5,97.6,26.9,25.5,20.2,21.4,13.2,55.6,22.6,17.6,17.2,13.8,15.7,43,19.5,17.3,17.1,12.6,11.2,44.8,27.9
USNM,162919,Panthera,leo,male,Kenya,Nyiro Osoleli,368.8,61.3,309.5,26.3,40.6,29.3,59.1,34.8,43.6,27,353.6,92.4,27.2,84.7,56.7,56.2,106.2,22.3,28.4,21.8,19.8,13.2,117,25.2,22,22,20.4,14.4,116.1,19,21.3,19.6,20.8,14.5,95.5,19.7,24.3,18.3,19.5,13,,,,,,,,,,,,,41.8,26.6
LACMHC,1144,Panthera,leo,male,,,381.2,63.9,319.4,31.7,42.2,32.2,63.4,37.3,49.4,26.9,350.3,97.9,30.9,90.9,56.2,64.4,106.5,23.1,30.7,21.3,22.8,13.1,124.6,26.9,26.4,23.2,21.8,14.8,121.5,21,25.5,23.5,22.4,14.2,95.8,25.2,23.9,20.4,22.3,14.3,55.7,22.6,18.3,12.3,13.7,13.7,41.9,17.2,18,17.9,12.2,9.1,42.6,28.5
USNM,162913,Panthera,leo massaica,male,Kenya,"Sotik, Guaso Nyiro",377.9,64.8,310.7,31.1,42.3,29.3,63.8,36.7,44.1,26.5,350.8,92.8,30.1,89.5,59,59.5,,,,,,,,,,,,,,,,,,,,,,,,,,,,,,,,,,,,,40.3,29.1
USNM,155603,Panthera,onca,unknown,Zoo,,195.4,31.6,156.2,13.7,20.8,15,34.8,19.1,23.1,15.9,189.2,53.1,15.2,50.9,32.4,33.5,52.2,12.1,15.7,12.6,12.4,7.3,59.9,15.3,14.9,13.6,12,7.4,57.7,11.8,13.9,12.5,11.7,7.1,45.9,13.8,13.3,11.7,11.5,7.2,34.1,13.1,10.1,10.3,8.1,8.2,23.1,9.9,8.6,9.2,6.7,5.6,22.4,15.8
USNM,141897/A49762,Panthera,onca,female,Zoo,,217.4,36.4,174.2,16.5,25.4,17.1,38.2,21.9,26.1,17.2,215.5,59.2,16.9,56.9,31.9,36.7,62.7,13.5,18.8,13.6,12.7,7.6,70.4,18,14.9,14.1,12.9,8.6,66,13.3,15.2,12.7,13.2,8.6,55.7,12.1,14.7,13.4,12.9,8.2,37.7,14.2,10.6,10.7,9,9.4,27.8,11.5,11.4,11.8,7.3,5.7,,
UCLA,183,Panthera,onca hernandesii,unknown,,,252.5,40.7,206.5,18.5,24.8,17.3,36.1,26.1,32.1,17.7,235.1,56.6,20.9,54.5,32.8,36.6,,,,,,,,,,,,,,,,,,,,,,,,,,,,,,,,,,,,,,
USNM,A49393,Panthera,onca onca,unknown,Brazil,Amazon river,250.6,42.7,201.1,23.6,29.9,19.6,43.7,27.3,34.8,22.2,251.5,68.8,22.7,68.5,42,45.7,67.7,16,20.2,15.9,14.8,11.1,75.4,19.5,17.6,17.6,14.9,11.6,73.5,14.1,16.9,16.3,14.6,10.5,60.5,16,17.3,15.1,14.4,10.4,33.2,14.5,12,11.8,8.9,10.7,24.5,11.8,11.3,11.8,8.5,8.6,29.7,19.9
USNM,A12296/10390,Panthera,onca palustris,unknown,Paraguay,,241.3,40.2,192.2,18.8,25.4,17,37.5,22,25,18.3,233.8,62.4,19.9,61.1,32.6,41.8,65,12.3,17.4,13.4,12.9,7.8,73.4,15.8,16.7,14.5,12.8,8.4,70.4,12.1,14.8,13.3,12.9,8.3,55.5,13.1,14.3,13.2,11.8,8.9,37.2,14.3,10.7,11.2,8.4,10.1,25.6,11.9,10.7,10.9,7.9,7.2,23.8,18
USNM,161911,Panthera,pardus,female,Kenya,Juja Farm,200.5,31.5,165.2,14,20.3,14.2,30,17.4,20.7,13,190.8,47,15.1,42.7,29.3,29.8,54,10.3,14.8,11.1,9.8,7.2,63.8,13.6,12.9,12.3,11,7.6,59,9.6,12.8,10.2,11.1,7,49.5,8,11.3,10,10.4,6,,,,,,,,,,,,,20.4,14
USNM,172662,Panthera,pardus,unknown,China,Shanxi,201.1,28.1,168.9,13.6,18.8,13.9,29.7,19.2,21.9,14.6,197.3,45.6,15,40.9,25.2,28.7,,,,,,,,,,,,,,,,,,,,,,,,,,,,,,,,,,,,,,
USNM,013357/A16609,Panthera,pardus,unknown,unknown,,208.2,32.1,171.3,12.5,20,14,29.1,17.1,22.9,14.6,198.6,47.7,14.2,41.9,27.8,29.6,58.4,10.9,14.5,11.4,10.5,6.5,67,11.8,12.4,11.5,11.3,7.2,63.8,9.9,12.5,10.8,11,7,51.6,10.4,11.9,10.6,10.6,6.4,33.2,11.5,9.4,9.1,7.4,7.8,23.1,8.8,9,9.3,6.9,5.3,20.4,14.3
USNM,155613,Panthera,pardus,male,Zoo,,214.1,35.3,174,15.9,22.7,15.7,34.5,20,26.2,15.2,207.4,51.5,17.8,50.3,31,34.1,63,12.6,16.1,12.5,12.9,8.1,72,16.3,14.6,13.7,13.2,8.1,68.5,12.6,14.3,12.4,13.1,7.8,55,12.7,14.2,12.1,11.8,7.7,,,,,,,,,,,,,25.2,16.6
LACM,648,Panthera,pardus,unknown,,,213.5,32.5,175.3,17.5,21.8,15.7,35.1,20.8,27.3,16.3,210.1,52,17.4,47.8,31.3,32.3,62.7,12.6,15.7,13.5,13.1,8.5,72.7,15,15.4,13.5,12.6,8.2,68.7,13.1,13.6,12,12.4,7.7,55.2,12.5,13,12.1,12.7,7.3,,,,,,,,,,,,,,
USNM,156284,Panthera,pardus,male,Indonesia,Java,218.1,34.2,182.6,17,23.2,15.8,33.2,19.5,26.2,17.2,212.9,51.4,18.1,49.6,31.4,33.2,57.7,13,16.2,12.8,12.4,8.3,66.7,15.6,14.6,14,12.4,8.8,63.9,12.1,14.3,12.5,12.5,8.5,50.4,13.3,14.3,11.6,11.9,8.2,36.7,13.2,9.8,10.3,7.9,9.6,29.8,10.9,10,11.2,7.8,6.9,24.9,17.1
LACM,31068,Panthera,pardus,male,,,226.9,37.4,186.2,16.3,23.2,14.9,35,21.5,26.5,17.1,218.9,55.3,16.7,49.1,33.4,34.7,67.1,14.1,16.9,13.3,13.6,6.8,73.9,16.2,15.4,13.8,12.9,8.2,69.6,12.9,14.1,12.1,12.9,7.6,56.4,11.7,13.9,12.1,12.7,6.6,33.1,13.3,10.8,10,7.9,7.8,25.1,10.5,11.1,10.8,8,6.3,22.7,17.3
USNM,254536,Panthera,pardus,male,China,Sichuan,232.2,40.9,188.3,16.7,24.6,16.9,36.5,22.5,25.8,16.9,227.2,55.4,18.9,54.1,30.6,35.7,62.4,13.3,16.9,13,13.8,8.8,73.1,17,15.7,13.6,13.2,9.2,70.7,12.8,15.6,13.4,13.5,8.8,55.5,11.7,12.7,12.9,13.1,8.3,39.1,14.7,9.4,11.2,8.9,9.3,28.4,12,11,10.2,7.7,7.5,24.9,18
USNM,258660,Panthera,pardus,male,Zoo,,242.7,37.5,200.8,18.5,23.2,16.5,36.5,22,26.5,18.6,234.2,54.3,19.6,50.8,32.3,36.2,64.2,12.1,16.4,13.8,11.8,8.8,73.8,15.2,15.2,14.7,12.3,9.5,70.1,12.3,14.4,13.2,12,9.1,56.1,12.8,13.3,12.1,11.6,8.7,,,,,,,,,,,,,23.5,16.5
USNM,164763,Panthera,pardus,male,Uganda,Rhino camp,252.2,42.9,207.9,18.3,24.2,16.9,38.1,23.5,27.1,17.6,244.5,61.1,17.7,55.1,34.4,35.8,,,,,,,,,,,,,,,,,,,,,,,,,,,,,,,,,,,,,23.9,17.6
MVZ,184078,Panthera,pardus,male,Uganda,,258.1,37,210.3,20.9,25.6,17.4,39.6,24.2,29.1,17.1,252.3,60.2,20.6,56.8,35.8,37.9,65.4,13.9,19.1,14.5,12.9,8.2,76.7,17.5,16.4,15.8,13,9.7,70.1,13.8,14.7,14.3,12.9,9.3,59.9,14.8,15.5,14.2,12.9,8.2,32.1,11.9,11.1,9.9,7.8,7.6,31.1,11.2,11.1,11,8.1,7.6,25.6,17
LACM,72165,Panthera,tigris,male,,,318.4,57.5,235.6,21.2,34.1,25.4,52.8,37,39.3,28.8,275.2,80.7,22.6,78.9,51.6,50.9,88.2,19.2,25.6,19.5,20.1,11.2,102,23.2,22.4,21.2,18.6,12.2,98.5,18.8,22.5,19,18.9,12.2,78.2,19,19.7,17.5,18.6,10.4,50.3,19.6,15.7,15.1,11.7,12.5,,,,,,,,
USNM,174981,Panthera,tigris,female,Zoo,,296.4,53.1,239.5,21.7,30.9,23.2,47.7,27.8,34.7,25,283.7,76.4,22.6,68.4,46,43.9,87.2,19,22.6,17.3,18.4,10.8,98.5,21.2,19.5,18.8,16.9,12,94.8,18,20.6,19.1,18.1,11.5,72.2,18.9,17.1,16.3,17.7,10.2,48.2,18.3,16.2,14.2,10.8,11.6,38,14.6,13.9,14,10.3,8.5,34,21.7
LACM,54239,Panthera,tigris,female,India,,297.2,53.5,260.7,25.7,34.2,25.5,54.6,35.5,43.2,26.4,310.5,85,24.9,73.6,50.9,52.4,,,,,,,,,,,,,,,,,,,,,,,,,,,,,,,,,,,,,,
LACM,51573,Panthera,tigris,unknown,,,325.8,54.1,261,25.9,34.1,28.5,54.7,31.2,44.6,27.3,301.3,83.4,25.4,74.8,49.4,49.9,95.3,19.1,25.6,19.5,20.6,12.8,106.2,21.7,23.8,21.8,18.4,13.5,101.5,18.2,21.9,19.7,18.8,12.4,81.5,20.2,19.5,17.5,19.7,11.3,,,,,,,,,,,,,,
MVZ,184080,Panthera,tigris,male,unknown,,328.3,59.2,262.2,22,38.1,26.9,52.9,35.4,42.6,26.8,311.1,90.7,26.4,80.8,55.5,55.4,92.2,23.6,27.7,20.2,21.9,11.1,104.8,30.6,27.3,22.7,20.3,11.5,94.9,21.6,24.4,20.1,20.4,11.3,81.8,22.5,23.9,18.5,19.8,10.2,50.9,20.7,17,15.3,11.7,11.8,33.1,15.5,15.5,14.7,11.6,9.6,39.5,25.9
USNM,251789,Panthera,tigris,female,Zoo,,328,57.1,267.1,24.1,34.2,26.6,49.7,30.2,37,25.5,304.7,83.6,25.1,77.5,50.6,54.4,94.5,20.1,26.1,19.9,20.5,11.1,110.7,25.1,24.7,22.3,19.5,12.4,103.9,19.5,21.8,19.5,19.6,11.7,80.9,19.5,21.7,19.1,19.6,11,53.1,20.2,15.6,16.2,12.4,13,41.6,16.3,14.8,16.2,12.1,8.8,35.7,26.3
USNM,269320,Panthera,tigris,male,Zoo,,335.5,66.4,268.5,23.2,36.9,26.9,58.7,32.3,43.1,29.5,312.9,91.1,24.5,86,55,56.2,97.3,20.8,27.4,21.5,21.4,11.3,110.5,24.1,23.8,23.8,20.9,14,106.2,20.2,23.5,20.1,20,12.3,85.8,22.2,21.8,18.9,19.8,12.6,55.1,21.9,17.6,16.9,12.9,13.9,,,,,,,40.4,28.5
USNM,A49773,Panthera,tigris,unknown,Zoo,,337.8,65.6,271.1,31.5,39.9,28.7,57.3,37.9,44.5,31.4,313.3,96.7,30.8,85.6,57.1,61.3,102.1,23.1,29.4,22.1,23.2,14.4,114.2,28.8,25.9,24.9,23.3,15.5,110.7,21.8,26.7,21.8,22.7,13.7,87.5,23.3,24.5,22,22.4,12.9,55.1,22.7,19.2,17.6,13.7,16.1,43.7,19.1,17,18.6,12.2,10.8,43,29.9
USNM,A49728,Panthera,tigris,unknown,Malaysia,Batu Paliat,337.3,63.9,272.6,27.7,38.6,26.9,57.1,34.5,47.8,30.8,311.5,90,30.8,83.5,65.4,56.4,100.8,21.3,27.8,21.3,22.1,13.8,111.5,24.2,25.1,23.5,22.5,13.9,107.6,20.8,23.3,20.5,21.3,13.3,84.7,19.8,22.3,19.1,20.4,12.1,55.5,22.4,16.9,16.8,13.9,15.5,40.1,17.2,16,15.8,11,10.4,42.3,27.2
LACMHC,MJO8,Panthera,tigris,unknown,,,339,63.1,274.2,24.4,37.4,28.4,55.4,32.3,43.9,28.8,323.3,93.4,24.9,82.2,56.5,54.9,95.8,21.7,26.4,21.7,21,12.9,112.2,25.9,25.2,23,19.6,12.6,105.2,19.6,24,20.5,19,12.1,84,21.9,21.3,19.5,20.2,11.6,54.5,22.3,17.2,16.6,12.6,13.3,42,17.9,16.8,16.9,11.9,8.9,40,27
USNM,258210,Panthera,tigris,male,Zoo,,350.6,66.3,279.6,26.1,35.7,29.2,59,39.4,45,28.7,333.1,95.1,30.6,86.7,56.5,61.4,102.9,21.6,29.3,23.2,22.9,14,115.8,25.7,24.7,24.1,21.1,13.8,111.6,20.5,25.2,21.3,21.3,13.1,86.5,22,20.7,21.1,20,12.7,56.7,22.9,17.8,17.8,13.5,14.1,44.9,19.1,17.1,18.6,12.7,10.4,41.2,28.3
FMNH,127297,Panthera,uncia,female,Zoo/Asia,,209.5,37.7,171,16,22.8,15.7,34.5,19.4,23.5,14.1,195.1,48.1,16.5,47.4,28.2,31.4,58,12.4,16.6,11.8,11.6,6.2,68.6,17,14.2,13.8,11.9,7.9,66.8,12.8,13.4,12.3,11.5,8,52.3,12,13.1,11.9,10.9,7.4,36.5,12.7,10.3,10,8.1,7.6,28,10.6,9.9,9.2,6.7,4.8,22.7,15.4
FMNH,153724,Panthera,uncia,female,Zoo/Asia,,213.7,37.4,174,15,23.1,15.4,31.9,19.3,23.1,14.7,192.9,49.2,15.6,46.1,28.3,30.1,58.5,11.6,16.5,11.7,16.2,7.1,69.2,15.6,14,13.3,12.2,8.1,68,12.5,13.8,12.7,11.9,7.6,53.8,11.6,13,12.3,11.8,7.7,39,12.9,10.8,10.1,7.9,7.7,30,10.6,10.3,9.7,7,4.6,22.8,16.5
FMNH,101860,Panthera,uncia,female,Zoo/Asia,,219.2,38.4,177.8,14.4,22.7,15.6,34,18.5,22.3,16.2,203.2,53.4,14.6,49.7,28.2,32.9,58.4,13.1,16.8,12.4,11.9,7.1,69,16.5,15.1,13.6,13.2,8.1,68.2,13.4,14.8,12.8,12.7,7.9,52.8,12.8,13.7,12,12.2,7,39.8,14.1,10.9,11,8.5,9,29,11,10,9.9,7.6,5.6,23.2,16.3
USNM,176048,Panthera,uncia,female,Pakistan,Baltistan,215.3,36.1,178.7,14.7,22.1,15.6,33.5,20.2,22.9,16.2,199.1,48.3,16.6,45.5,28.8,32.3,57.8,13,15.2,11.5,12.5,7.7,67.3,16.1,15.5,12.9,15.1,8.6,63.8,12.6,14.4,12.4,12,8.8,55.4,13.2,13.5,12,12.2,8.4,39.5,13.5,8.7,10.3,7.8,8.4,28.4,11.4,10.6,9.8,6.9,5.3,24.1,15.6
FMNH,187454,Panthera,uncia,female,Zoo,,220.9,39.2,181.1,16.6,22.9,15.4,35.5,19.7,24.7,17.2,201.9,51.8,16.7,48.7,29.2,34.9,59.4,12.6,15.8,12.7,11.9,7.2,71.3,17.2,15.4,14.1,12.7,8.7,70,13.6,14,12.9,12,8.7,54.6,12.9,13.5,12.4,11.8,7.6,40.6,14.4,10.9,10.1,8.3,7.9,30.6,11.6,10.7,10.1,7.3,5.9,25,16.9
FMNH,153725,Panthera,uncia,male,Zoo/Asia,,225.9,42.5,183.4,17.1,25.3,17.8,36,21.9,28.4,17.7,207,53,17.6,51.6,32.3,36,63.3,13.8,17.7,12.6,12.7,8,75.6,18.1,15.1,14.2,13.3,9.3,73.5,13.8,14.6,13.5,12.9,9.1,56.3,12.4,13.7,12.6,12.3,8.7,42.2,14.1,11.2,10.9,8.7,8.1,32.6,11.6,10.5,10.6,7.6,5.9,27,17.6
FMNH,160000,Panthera,uncia,female,Zoo/Asia,,222.6,40.5,183.7,15.9,23.4,15.8,34.6,21,24.6,17.6,205.2,51.8,16.6,50.1,31.3,35.7,60.5,12.4,17.7,12.6,11.9,7.5,72.2,17.5,15.8,14.2,12.7,8.5,71,14.3,15.5,13.5,12.5,8.5,55.5,12.7,13.9,12.5,12.8,9,35.8,13.1,9.9,10.1,7.8,8.1,25.7,10.1,8.6,9.2,7.3,6.1,,
MVZ,124189,Panthera,uncia,male,unknown,,226.3,34.1,184.2,15.9,22.5,15.4,33,20.1,25.9,17.1,205.6,47.4,16.2,47,29.2,32,,,,,,,71.9,15.8,15,12.4,12.8,8.8,,,,,,,,,,,,,,,,,,,,,,,,,,
FMNH,122235,Panthera,uncia,male,Zoo/Asia,,223.9,38.5,185.1,16.3,24.5,16.4,34.7,19.9,25.9,16.9,207.2,51.2,16.4,51.1,30,33.9,60.9,13.4,18,12,12,7.7,73.3,16.8,16,14.1,12.9,8.8,72.2,13.5,14.5,13.2,13,8.8,55.5,12.7,14.4,12.7,12.5,8.2,42.8,14,11,11.2,8.3,8.1,32.4,11.7,10.9,10.7,7.8,5.7,25.4,17.2
FMNH,60413,Panthera,uncia,male?,Zoo/Asia,,236.2,42.4,193.6,18,24.7,17.4,37.5,21.5,28.8,16.9,219.4,55.3,19.3,53.7,33,35.6,62.9,13.2,17.2,13.7,13.2,8.5,76.6,18.3,16.2,14.8,13.8,9.6,74.1,14.9,15.9,14.8,14.1,9.7,55.9,14.1,15.2,13.1,14,9.9,44.2,14.8,11,11.6,9.1,9.5,31.4,12.3,10.9,11.1,8.1,7,27.3,17.6
USNM,325000,Pardofelis,marmorata,unknown,Indonesia,Sumatra,98.6,11.4,82.8,6.4,9.8,6.7,14.1,7.4,10.2,6.7,100.5,19.1,6.5,20.7,11.2,14.5,25.9,4.2,6,5.6,4.9,3.2,30.2,6.1,6.1,5.3,4.9,3.1,28.1,5,6.1,5.1,4.9,2.8,23.2,5.1,5.9,5.6,4.9,3.2,,,,,,,,,,,,,9.6,6
FMNH,60020,Pardofelis,marmorata,female,Zoo/Southeast Asia,,100.5,12,85.6,6.4,9.3,7.1,13.3,7.2,9.5,6.7,101.8,19.2,6.4,19.9,10.8,14,26.5,4.3,6.4,4.9,4.8,2.4,31.2,6.2,6,5.5,4.8,2.7,29.7,4.7,5.5,5.1,5,2.6,24.2,5.3,5.4,5.1,4.8,3,19.6,5.5,4.5,4.6,3.6,3.7,10.9,5,5,4.4,3.2,2.8,8.8,5.7
FMNH,129395,Pardofelis,marmorata,unknown,Zoo/Southeast Asia,,107.9,13.1,91,6.6,9.4,6.4,14.5,6.8,9.8,5.9,104.4,21.2,7,20.6,10.6,13.9,28.6,4.3,6.2,4.7,4.6,2.6,34.6,5.5,5.7,5.2,4.7,2.8,32.7,4.7,5.8,4.9,4.9,2.5,25.8,5,5.2,5.1,5,2.6,21,5.8,4.2,4.3,3.4,2.7,14.8,4.9,4.1,4.1,3.3,2.3,8.3,5.9
FMNH,104901,Pardofelis,marmorata ,female,Zoo/ S. Asia,,108.2,13.9,90.9,7.6,10,6.9,14.7,7.8,10.5,6.8,110,21.3,7.7,21.4,11.7,15.2,28.8,4.9,7,5.6,5.4,2.6,33.7,6.5,6.5,5.7,5.2,2.8,32.8,5.5,6.1,5.4,5.4,2.8,26.4,6,5.5,5.5,5.5,3,20.8,6.2,4.7,5.2,3.9,4.2,,,,,,,9.2,6.1
FMNH,68728,Pardofelis,marmorata marmorata,female,Malaysia,Sabah,103,12,88.6,6.3,8.1,6.1,13.2,6.8,9.7,6.1,99.7,18.3,7,19.2,10.2,14,25,4,6.2,5.2,5,3.1,29.4,5.6,5.6,5,4.5,3.1,28.2,4.5,5.9,4.7,4.4,3,23.3,4.9,5,4.8,4.4,3.1,17.2,5.7,3.6,4.3,3.3,3.8,11.9,4.7,4,4.1,3.1,2.7,8.4,6.3
FMNH,60358,Pardofelis,marmorata marmorata,unknown,Thailand,,118.9,15.3,100.7,8.6,10.4,7.5,16.2,8.5,11.7,7.4,119.5,21.8,8.8,23.6,11.9,16.8,31.6,5.5,7.3,6.4,5.7,3.8,36.1,6,6.6,6.4,5.6,3.5,34.6,5.4,6.5,6.1,5.6,3.5,27.7,6.1,5.8,5.8,5.5,3.8,18.7,6,5.1,5.4,3.7,4.1,13.5,5.4,4.5,4.6,3.7,3.2,10.8,7
USNM,239326,Pardofelis ,marmorata,male,zoo,,108.6,13.1,92.1,7.8,10,7.3,15,8.2,11.6,6.7,108.4,20.4,7.5,21.6,11.9,14.6,26.5,4.8,4.4,5.8,5.5,3.1,31.1,6,6,6,5,3.1,28.5,4.3,6,5.9,5.6,3.8,24.7,6,5.8,5.5,6.2,3.2,20.6,5.8,4.2,4.9,3.7,3.7,12.9,5.4,5,4.5,3.2,3.1,9.4,6.4
USNM,196601,Prionailurus,bengalensis,male,Malaysia,Borneo; Labuan Bimi,94.8,10.7,78.9,5,7.3,5.2,11.5,7.3,7.9,5.9,90,17.8,5.9,16.7,9.3,11.6,23.7,4.2,3.6,4.6,4.7,2.6,26,5.6,5.3,4.7,4.3,2.8,25,4.3,5.3,4.4,4.6,2.6,20.3,4.1,4.8,4.3,4.4,2.6,14.8,4.7,3.1,3.5,3,2.7,10.4,4,3.6,3.3,2.8,2.4,7.5,5.9
USNM,317283,Prionailurus,bengalensis,male,Malaysia,Borneo; Sabah Ranau,94.3,10,80.6,4.5,7.6,5.2,11.6,7.1,8,6,89.4,17.5,5.5,15.4,8.8,11,23.4,3.6,5.5,4.7,4.2,2.5,27,5.4,4.8,4.7,4.3,2.7,25.4,3.8,4.5,4.2,4.2,2.3,20.1,3.9,4.4,4.1,4.1,2.5,14.7,4.7,3.9,3.9,3.1,3.2,10.7,4.3,4,3.4,2.7,2,7.5,5.6
USNM,201070,Prionailurus,bengalensis,male,India,Jammu and Kashmir,117.3,12.7,100.9,6.8,10.8,8.2,14,8.6,9.7,7.3,110.8,23.8,7.6,20.8,11.3,15.6,30.2,4.8,7.6,5.9,6.5,3.3,34.8,6.8,8.8,5.8,5.4,3.4,31.7,4.9,8.1,5.9,5.8,3.4,23.4,5.7,5.9,5.5,5.7,3.1,18.2,5.9,3.7,4.2,3.8,3.4,13.4,4.7,4.9,4.1,3.6,2.2,10.2,8.1
USNM,240006,Prionailurus,bengalensis,male,China,Jiangsu,124.2,15.7,103.9,7.5,10.2,8.2,15.3,9,10.4,8,120.3,24.3,8.2,21.4,11.9,14.9,33.3,5.7,6,5.5,6.2,3.6,41,7.1,9.5,5.8,5.2,3.8,36.2,5.1,7.1,5.9,5.4,3.4,31,5.9,6,5.6,5.6,3.5,18,5.7,3.5,4.4,3.9,3.7,14.3,4.8,4.7,4.4,3.6,3.3,10.5,7.8
FMNH,114386,Prionailurus,bengalensis bengalensis,male,Nepal,Sankhuwasabha,103.7,14.2,86.3,5.3,8.7,5.7,12.9,7.6,9.5,6.6,100.1,20.8,6.2,18.2,10,12,26.2,4.3,6.2,5.6,5.2,2.8,30.3,5.9,5.3,5.2,4.7,3,28.9,4.8,5.3,4.9,4.6,2.7,22.9,5.1,5.5,4.7,4.6,2.8,15.3,4.9,4.1,4,3.3,3.2,12.1,4.5,4.3,4.2,3,2.4,,
FMNH,68726,Prionailurus,bengalensis borneoensis,male,Malaysia,Sabah,97.8,11.4,82.2,5.2,7.8,5.3,11.3,7.4,8.3,6.6,89.2,17.9,5.9,16.9,9,11.3,27.2,3.9,5.7,4.7,4.1,2.8,31,4.9,5.2,4.9,4.2,2.8,28.8,3.9,4.8,4.6,4.2,2.5,22.9,4.8,4.9,4.5,4.1,2.6,16.6,5,3.7,3.9,3.1,3.1,11.7,4.1,3.6,3.5,2.8,2.1,7.3,5.1
FMNH,99363,Prionailurus,bengalensis borneoensis,male,Malaysia,Sarawak,101.3,12.1,85.1,5.1,7.1,4.9,11.6,6.5,8.7,5.3,91.1,18.2,5.6,15.6,8.8,10.5,,,,,,,,,,,,,,,,,,,,,,,,,,,,,,,,,,,,,,
FMNH,101977,Prionailurus,bengalensis euptilura,male,Zoo/Southeast Asia,,122.7,16.9,102.6,6.8,9.9,7.2,14.9,8.5,11.1,7.8,117.6,24.2,7.7,22,12.3,14.6,33.9,5.3,7.8,5.9,5.5,3.1,39.1,7.1,6.8,6.3,5.8,3.3,37.4,5.3,7,5.5,5.8,3.2,30,5.8,6.8,5.7,5.8,3.5,19.5,5.9,4.5,4.6,3.8,3.7,14.4,5,4.6,4.7,3.8,2.6,10,7.4
FMNH,62885,Prionailurus,bengalensis heaneyi,female,Phillipines,Palawan Island,75.1,9.6,62.6,4.6,6.5,4.4,9,6.6,7.6,4.8,73.8,15.1,5.2,15.1,7.7,9.5,23,3.4,5.2,4.4,3.8,2.5,26,4.7,4.6,4.2,3.6,2.5,24.6,3.5,4.2,4,3.7,2.2,19.6,3.8,4.2,4.1,3.6,2.4,14.8,4.2,3.1,3.4,2.7,2.8,,,,,,,6.3,5
FMNH,62886,Prionailurus,bengalensis heaneyi,male,Phillipines,Palawan Island,77.9,9.8,64.2,4.2,7.3,4.8,10.4,6.6,7.8,6,77.2,16.7,5,15.6,8.5,10.1,23.5,3.7,5.6,4.8,3.9,2.2,26.6,4.7,5.1,4.5,4,2.3,25.3,4,5.1,4.2,4,2.2,19.3,4.4,4.9,4.3,3.8,2.5,15.7,4.6,3.4,3.8,2.7,2.7,,,,,,,7.1,5.6
FMNH,62888,Prionailurus,bengalensis heaneyi,male,Phillipines,Palawan Island,97.4,12.1,83.5,5.5,7.8,5,11.4,6.8,9.1,6.5,92.2,17.1,5.6,16.6,8.7,10.8,26.3,5.4,4.8,4.6,4.7,2.7,30.7,5.2,5.2,4.7,4,2.5,28.7,4.2,4.8,4.6,4,2.3,23.1,4.6,5.1,4.5,4.1,2.7,15.5,4.6,3.4,4.2,2.8,2.8,,,,,,,7.5,5.5
USNM,395254,Prionailurus,planiceps,female,unknown,,86.6,11,71.8,4.8,7,4.6,10.3,6.9,7.3,6.2,81.5,16.6,4.9,15.5,8.1,9.9,25.2,3.3,4.4,4.4,4.1,2.9,28.5,4.9,4.7,4.5,3.7,2.9,26.2,3.3,4.1,3.8,4,2.6,20.5,3.1,4.5,4.3,4.1,3,14.1,4.5,3.5,3.5,2.6,2.7,8.8,3.5,3,3.1,2.4,2.3,7,5.5
FMNH,129397,Prionailurus,planiceps,female,Zoo/Southeast Asia,,86.8,11.8,72.2,5.1,6.7,4.9,10.1,6.7,7.3,5.6,79.3,15.8,5,15.2,9,10.5,22.8,4,5.1,4.7,3.7,2.2,27.1,4.6,4.4,4.7,3.8,2.3,25,3.7,4.3,4,3.9,2.3,18.8,4.3,4,4.3,4,2.5,13.5,4.5,3.6,3.7,2.7,2.6,9.3,4,3.2,3.5,2.7,1.9,6.4,5.7
USNM,360975,Prionailurus,planiceps,female,unknown,,90.3,11.3,74.9,4.6,7,4.8,10.1,6.7,7.8,5.8,82,16.9,5.1,16.5,8.5,11.3,24.8,4.1,5.3,5.1,4.2,2.7,28.4,5.3,5,4.5,4.1,2.8,26.4,3.4,4.8,4.2,3.9,2.5,20.6,3.5,4.3,4.3,3.7,2.5,,,,,,,,,,,,,7.1,5.5
FMNH,58951,Prionailurus,planiceps,female,Zoo/Southeast Asia,,92.3,12.1,76,4.9,7.4,5,10.8,7,7.7,6.8,83.8,16.5,5.6,16.1,8.3,11.2,24.7,4,5.6,4.9,4.8,2.4,28.1,4.8,4.9,4.7,3.9,2.4,26.2,3.8,5.1,4.3,4,2.2,20.6,5.2,4.8,4.6,4,2.4,14.1,4.9,3.6,3.8,2.7,3.1,8.8,4.6,3.7,3.7,2.6,2.4,6.5,5.6
FMNH,129398,Prionailurus,planiceps,male,Zoo/Southeast Asia,,93.4,12.9,76.6,5,7.8,5.6,11.5,7.1,8.6,6.4,84.6,16.8,5.6,17.4,9.3,11.6,25.4,4.4,5.5,4.6,4.8,2.4,29.3,4.6,5,4.4,4.3,2.4,27.6,4.3,5,4.3,4.5,2.4,21.2,4.5,4.7,4.5,4.4,2.7,13.5,4.7,3.9,4,2.9,3.2,8,4.6,3.4,3.7,2.8,2.8,7.7,5.9
USNM,145593,Prionailurus,planiceps,female,Indonesia,Borneo,91.2,10.3,76.9,4.6,7.3,5,10.4,7.2,7.4,6.3,82.9,15.9,5,15.2,8.5,9.6,,,,,,,,,,,,,,,,,,,,,,,,,,,,,,,,,,,,,,
FMNH,127432,Prionailurus,planiceps,male,Zoo/Southeast Asia,,94.2,13.1,77.1,5.6,7.8,8,12.1,7.7,8.7,6.5,86.4,18.9,6.2,18.1,10.1,11.4,26.7,4.2,5.5,5.3,4.7,2.6,30.5,5.2,4.9,5.3,4.4,2.3,27.9,4,4.7,4.7,4.4,2.3,21.9,4.9,4.7,5.1,4.1,2.6,14.8,5,3.8,3.9,2.7,3,9.8,4.4,3.5,3.5,2.5,2.2,8.3,6.1
USNM,A49973,Prionailurus,planiceps,male,Indonesia,Borneo,98.6,13.2,80.9,5,7.7,5.2,12,8,8.1,6.5,88.4,17.3,5.5,17.3,9.3,11.4,26.1,4.5,5.3,5,4.7,3.5,29.9,5,6,5.1,7,3,27.4,4.2,3.7,4.6,5.9,2.9,20.7,3.7,5.6,4.8,5.4,3.1,14.2,4.8,4.1,4.1,2.9,3.2,10,4.1,4.8,3.9,3.8,3.8,7.1,6.2
FMNH,127433,Prionailurus,planiceps,female,Zoo/Southeast Asia,,102.1,14.3,81.7,6.3,9,5.7,12.1,8.1,9.3,7.1,89.8,19.2,6.5,19.8,10.9,12.7,26.4,5.1,5.9,5.3,5.3,3,30,5.7,5.8,5.2,4.8,2.9,28,4.4,5.3,4.9,5,2.7,21.9,5.2,5.1,5.1,4.7,3,15.9,5.8,4.1,4.4,3.1,3.9,10.3,5.3,4,4.1,3.2,2.7,8.7,6.9
FMNH,147997,Prionailurus,planiceps,male,Zoo,,99.6,14,82.5,5.9,8.2,6.5,11.6,7.7,10,6.9,89.3,18.7,5.7,19.3,11.9,13.9,28.2,4.7,6,5.2,4.2,2.4,33.1,4.7,5.5,5.1,4.4,2.6,30.4,4,5.1,4.7,4.5,2.7,23.5,4.3,4.6,4.8,4.4,2.8,16.2,5.3,3.7,4.2,2.9,3.1,9.1,5.5,3.9,4,3.1,2.6,7.6,7
FMNH,60476,Prionailurus,planiceps,male,Zoo/Southeast Asia,,102.8,13.2,84.3,5.2,8.2,5.6,11.9,7.6,8.6,6.9,91.7,18.6,5.7,18.1,9.7,11.5,27.6,5,6.6,5.1,4.7,3.1,32.2,5.6,5.4,5,4.7,2.9,30,4.5,5.8,4.5,4.7,2.7,23.1,4.9,5,4.8,4.5,3.1,16.2,5.1,3.9,3.9,3.1,3.1,,,,,,,7.4,5.6
FMNH,129499,Prionailurus,viverrinus,female,Zoo/Southeast Asia,,125.2,21.1,103.9,7.5,10.8,8.1,18,9.6,17.8,12.4,8.8,117.7,8.9,26.3,14.2,16.8,36.2,5.8,8.2,6.8,6.6,3.5,40.7,8.2,8.1,6.7,6.2,3.7,37.4,6.2,7.6,6.4,6.6,3.6,30.1,6.1,7.3,6.1,6.4,3.8,21.4,6.7,5.3,5.3,4.4,4.3,15.5,5.7,5.2,4.9,4.4,2.8,11.2,8.8
FMNH,123070,Prionailurus,viverrinus,female,Zoo/Southeast Asia,,130.9,21.2,106.2,8.4,11.5,8.8,18.1,9.6,11.8,8.5,118.8,29,10,27.1,15.5,18.8,38.3,6.8,8,7.5,6.3,4.2,43.5,7.8,7.6,7.4,6.4,3.9,39.1,5.7,7.6,6.3,6.5,3.6,31,7.2,6.8,7.4,7.5,4,21,6.9,5.3,5.5,4.4,4.7,15,6,5.2,5.5,4.3,3.1,11.1,8.6
FMNH,60672,Prionailurus,viverrinus,female,Zoo/Southeast Asia,,129.8,19.4,106.8,7.8,11.9,8.2,19.4,10.2,13.8,9.5,120.6,28.7,8.7,26.7,14.4,17.9,36.6,6.1,9,7.2,7.1,4,42.5,8.6,7.9,7.5,6.8,4.2,39.7,6.2,7.7,6.8,6.8,3.8,31,7.3,7.4,6.5,6.7,4.1,21.6,7.3,5.9,5.7,4.8,4.6,15.5,5.9,5.8,5.4,4.1,2.8,10.8,9
FMNH,168869,Prionailurus,viverrinus,male,Zoo,,138,24.1,113,11.1,12.4,9.2,20,12.9,14.7,8.7,131.4,31,10.8,30.4,16.9,17.9,40.4,6.8,9.2,8.1,6.9,4.1,45.6,9,10.5,8.2,7.5,4.6,44.8,7.6,9.3,8.6,7.1,5.1,36.7,7.8,9.2,7.4,7.1,5,21.1,7.6,5.9,5.8,4.5,4.7,16.4,6.1,5.6,6.2,4.4,3.6,12.9,8.9
FMNH,121528,Profelis,aurata,female,Zoo/Africa,,142.1,19.7,120.9,8.6,12,8.7,18.1,11.1,11.8,9.3,133.8,31.3,9.8,27.7,14.9,18.9,41.7,6.4,9.6,8,7.3,4,48.6,8.9,8.4,7.8,7.1,4.2,44.7,7.3,8.3,6.6,7,4.1,37.2,7.2,7.8,6.3,7.1,4.1,24,7.4,5.8,5.5,4.9,4.9,17.9,6.8,6.7,5.9,4.7,3.2,11.2,10.3
USNM,278523,Profelis,aurata,male,Zoo,,163.2,23,136.3,11.7,13.8,9.9,21.9,13.7,14.4,10.3,155.4,35,11.7,31.8,17.4,22.7,46.4,8.4,10.8,8.9,8,5.3,52.9,9.7,9.5,9.2,9.1,5.9,50.5,8.6,8.9,7.7,7.6,5.2,41.9,6.6,8.3,7.9,7.6,4.8,26.5,8.3,6.1,6.9,5.5,5.6,,,,,,,14.1,10.4
USNM,282637,Profelis,aurata,male,Zoo,,169.7,25,144.6,10.9,14.7,10.7,22.9,12.6,14.9,10.4,163.5,38.2,11,33.6,18,22.4,50.1,8.5,11.5,8,8.7,4.3,57.1,9.8,10.2,8.5,8.4,5.2,53.3,7.8,9.3,7.6,8.1,4.6,44.3,7.3,8.7,7.4,8,3.8,25.1,8.3,7.1,6.8,5.3,5.5,,,,,,,15.4,12.2
MVZ,175990,Puma,concolor,male,U.S.,California; Livermore,211,37.6,170.2,16.2,23.8,16.5,36.7,23.6,26.4,15.6,206.8,55,16.6,56.1,32.6,35.2,70.8,14,16.8,14.4,14.4,8.6,78,16.9,14.7,15.2,14.4,8.9,72.8,11.9,13.8,13.6,14.2,7.4,58.3,13.9,12.2,12.5,13.6,7.8,30.6,13.9,8.9,9.9,9.6,7.6,27,12.5,9.3,11.9,6.1,7.1,21.8,15.1
MVZ,33560,Puma,concolor,female,U.S.,California; Sequoia Natl. Park,216.1,33.3,180.5,17.9,21.1,14.6,33.7,19.9,25.3,16.1,214.8,50.3,17.6,46.7,30.9,32.3,67.6,11.5,16.2,12.8,12.4,7.5,74.5,16,13.9,13.6,12,8.5,70.3,11,13,11.7,11.7,7.1,56.4,13.5,11,12.3,11.6,7.2,32.4,12.9,9.9,10,8.2,8.7,20.9,9.4,8.2,8.9,6.4,7.1,19.8,15.4
MVZ,98310,Puma,concolor,unknown,El Salvador,Depto. San Miguel,224.4,33,182.4,19.9,23.6,16.3,35.7,21.8,25.1,16.6,,,,,,,,,,,,,,,,,,,,,,,,,,,,,,,,,,,,,,,,,,,,
MVZ,198447,Puma,concolor,male,U.S.,California; Yosemite,226.6,34.3,183.3,21.3,25.7,17.4,37.9,24.2,27.8,18.2,224.8,57.5,19,55.5,35,36,74.6,13.3,18.1,14.3,14.2,8.5,83.1,17.7,17.6,16.5,15,9.1,78.6,12,14.5,13.5,13.8,7.9,62.7,15.2,13.1,13,13.3,8.3,41.1,15.5,11.4,11.3,9.6,9.5,25.5,12,11.4,11.5,8.6,7.2,23,18
MVZ,175989,Puma,concolor,male,U.S.,California; Kernville,230.6,38.7,187.8,21.8,24.5,17.4,37.7,24.2,27.2,18.1,228.3,56.8,19.6,55.9,34.5,35.4,72.8,13.8,18.3,14.7,13.3,8.3,81.2,15.1,13.5,16.6,13.8,9.4,77.5,11.9,13.3,13.8,13.6,8,62,14.7,12.1,12.6,13.2,8.2,35.2,12.8,10.5,10.8,9.1,9.4,29.7,11.9,11.6,11.5,8.8,6.5,23.2,15.9
MVZ,33559,Puma,concolor,male,U.S.,California; Sequoia Natl. Park,232,38.5,192.4,18.7,23.6,16.7,37.6,23.4,27.3,18.5,232.4,56.6,20,51.8,36.3,34.8,71.1,12.7,17.5,14.9,13.9,9,79.8,16.3,14.8,15.5,13.9,9.5,76.1,12,14.8,13.7,13.5,8,60.8,14.5,12.5,13.4,13,8.1,32.1,12.7,11.7,10.7,7.9,8.1,29.5,12.1,10.4,10.5,7.5,7.4,23.5,17.3
MVZ,47199,Puma,concolor,male,U.S.,California; Bear Valley,243.6,39.1,195.7,21.5,23.5,16.7,36.3,22.7,26.2,17.6,234.6,56.8,19,54.2,34.5,35.4,75.1,13.5,17.3,14.5,13,9.2,82.1,16.9,14.6,15.5,13.8,9.7,77.1,12,14.1,13.6,13.4,8.5,61.9,14.1,12.3,13.7,12.4,8.4,37.3,13.9,10.9,10.2,8.8,9,23.3,11.4,9.5,9.7,7.4,8.6,23.4,16.7
MVZ,81547,Puma,concolor,unknown,U.S.,Montana; Bitterroot river,258.4,45.5,208.2,24.3,26.6,19.1,40.8,26.6,29.3,18.4,248.7,62.8,23,63.1,39,42.3,83.4,14.3,18.5,16.8,15.2,10.6,90.9,17.6,15.5,17,15.7,10.5,86.4,13.1,15.1,15.4,15,8.9,71.3,15.6,12.9,15.8,14.8,9.1,35.2,15,12.4,10.8,9,9.2,28,13,11.4,11.7,8.6,8.8,25.7,19.4
USNM,282623,Puma,concolor ,unknown,Colombia,Magdalena; Valledupar,199.8,31.3,161,15.3,20.6,13.9,32.3,17.3,24.5,15.6,191.1,48.5,16.1,45.7,27.6,30.6,,,,,,,,,,,,,,,,,,,,,,,,,,,,,,,,,,,,,,
USNM,A01385,Puma,concolor azteca,unknown,Mexico,Tamaulipas; Matamoras,232.5,39.2,192.4,15.8,21.6,16,34.8,20.2,23.6,17.8,229.5,54.1,17.5,49.1,30.8,33.6,73.9,12.8,16.6,13.9,12.3,7.5,84,15.1,13.9,14.4,12.5,8.8,78.5,11.7,13.9,12.7,11.9,7.6,61.3,13,12.5,12.8,11.8,7.5,37.6,14,11.8,10.9,8.5,9.8,28.8,12.1,10.7,10.8,7.6,8,22.2,17.3
LACM,85438,Puma,concolor californica,female,U.S.,California,209.5,31.8,171.6,16.4,20.3,14.4,32.7,19.3,23.3,15.3,198.9,46.9,16.6,46.2,27.1,30.9,65.3,12.2,15,12.3,11.9,7.5,73.6,14.3,12.6,13.2,11.9,7.9,68.3,10.5,11.6,11.8,11.5,6.9,53.7,12,10.7,11,10.9,7.2,,,,,,,,,,,,,,
LACM,85440,Puma,concolor californica,female,U.S.,California,219.1,32.2,176,18.8,22.6,15.5,34.9,19.6,22.8,16.5,215.6,52.5,18,49.6,29.7,30.5,70.5,12.3,15.7,14.1,13.1,8.3,79.1,16.2,14.5,14.6,13.7,9,73.2,11.1,12.3,13,12.9,7.3,58.7,13.7,11.3,12.4,12.9,7.4,,,,,,,,,,,,,,
LACM,70296,Puma,concolor californica,unknown,U.S.,California,217.4,32.4,178.2,16.5,21.2,15.1,33.9,20.4,23.7,15.2,208.5,51.2,17.8,45.7,29.8,30.7,,,,,,,,,,,,,,,,,,,,,,,,,,,,,,,,,,,,,,
LACM,87430,Puma,concolor californica,male,U.S.,California,231.4,39.4,189.2,21.7,25.5,17.8,39.8,22.4,29.1,18.8,231.5,62.9,20.1,56.8,39.3,37.6,72.9,13.3,18.8,16.1,15.1,9.4,82.2,17.6,16.5,16.5,15.1,9.9,77.5,13.6,14.4,14.4,14.3,8.2,62,15.3,13.9,14.3,14,8.3,,,,,,,,,,,,,,
LACM,31128,Puma,concolor californica,male,U.S.,California,234.3,39.2,190.1,20.6,24.6,17.3,37.9,23.8,26.8,17.1,232.2,55.5,16.9,53.1,30.9,35,,,,,,,,,,,,,,,,,,,,,,,,,,,,,,,,,,,,,,
LACM,54511,Puma,concolor californica,unknown,U.S.,California,240.7,39.2,197,21.5,25.1,17.2,39,21.6,26.5,18.9,236.6,58.8,19.9,58.1,36.5,37.3,79,13.1,19.2,15.4,14.5,9,86.7,17.6,20.1,15.6,14.8,9.3,80,12.9,15.6,13.8,14.5,8.3,64.4,14,14.7,13.9,13.4,7.7,,,,,,,,,,,,,,
LACM,52600,Puma,concolor costaricensis,female,Costa Rica,,203.2,28.3,167.8,15.9,20,14.1,33.6,20.3,23.8,15.1,197,47.1,15.7,46,28.4,30.6,63.8,12,15,12.7,12,7.1,70.7,14.1,12.7,13.1,11.4,7.9,65.7,10.3,12.2,11.6,10.8,6.6,53.3,11.4,10.6,11.5,10.9,6.7,34.8,13.4,10.4,10.7,8.3,10.5,20.7,10.4,9.5,9.8,7,7.4,19.4,14
USNM,264166,Puma,concolor hippolestes,male,U.S.,Utah; Provo,254.9,44.8,204.4,24.7,25.3,18.4,42.6,23.4,29.2,19.5,246.8,64.5,21.4,58.4,35.9,37.7,81.8,14.8,19.5,16.1,14.6,9.9,88,18.4,17.2,16.4,16.7,10.2,83.1,13.6,15.6,14.9,16.1,8.6,67.9,14.9,16,13.8,13.5,8.7,40.5,15.4,12.5,11.9,9.3,10.1,30.1,12,10.9,11.3,8.2,7.9,26.5,18.9
USNM,244857,Puma,concolor mayensis,female,Guatemala,Peten; Libertad,194.1,29.7,159,13.3,18.7,13,28.9,17.3,20.6,14,185.6,43.5,15.2,40.8,24.4,28,65.7,10.3,13.8,11.6,10.3,7.1,73.7,13.1,11.7,12.3,10.5,7.9,69.1,9.9,11.5,11.1,10.3,6.8,55.5,11.5,10,10.6,10.1,6.5,,,,,,,,,,,,,18.9,14.5
LACM,52188,Alopex,lagopus,,,,117.4,14.6,100.93,6.83,9.67,6.06,13.2,7.55,9.65,6.89,106.36,21.3,6.88,17.4,12.4,11.1,35.42,4.5,5.17,5.63,5.63,3.52,40.82,5.3,6.69,5.28,5.37,3.34,39.87,3.44,4.52,5,5.82,3.28,33.48,6.07,4.7,5.87,4.98,3.92,16.76,5.27,4.3,4.06,3.28,2.98,,,,,,,,
LACM,52230,Canis,audustus,male,Tankangiyka,Icoma,155.49,19.1,134.84,9.16,12.37,8.29,17.02,11.12,14.16,9.28,128.63,129.35,8.35,23.17,18.63,15.75,50.95,5.77,7.38,6.65,5.86,4.75,57.57,5.66,7.48,5.75,6.28,4.4,57.34,5.17,7.77,5.71,6.31,4.33,48.6,7.72,7.41,6.43,6.33,4.95,21.05,5.76,5.86,4.82,4.07,3.74,14.77,5.22,4.9,4.8,3.38,3.46,,
LACM,83,Canis,latrans,,California,Los Angeles Co.,184.6,24.6,160.4,10.5,14.6,9.6,20.6,11,15.7,8.6,154.7,31.9,10.4,26.9,21.3,17.3,58.6,6.2,9.4,7.2,6.9,4.8,66.4,6.9,10,6.8,7.4,5.2,64.6,5.6,10.4,6.6,7.4,4.9,56.3,10,8,7.1,7.4,5.5,24.3,6.9,6.5,5.7,4.7,4.5,13,6,5,5.6,4.1,4,,
LACM,22588,Canis,latrans,male,Arizona,Grand canyon,183.4,24.43,160.7,10.3,14.5,10.1,20.5,11.5,15.7,8.5,153,34.9,10.1,28.2,22,18,56.6,5.8,9.3,7.4,7.8,5.7,64.2,5.9,9.2,7,8.3,5.4,64.5,5.5,10.1,6.8,8,4.5,55.7,9.4,9.5,7.6,7.9,5.4,24.8,7,6.5,5.7,4.4,4,13.3,6.1,5.5,5.9,4.1,4.2,,
LACM,30358,Canis,latrans,,,,176.4,27.31,165.7,11.3,15.2,9.6,20.4,11.4,15.9,8.6,158.2,35.9,10.7,29.2,23.4,17.8,59.8,6.5,9.4,7.7,7.5,5.4,67.5,6.3,10.2,7.1,8.2,5.5,66.3,5.9,10,7.1,8.5,4.8,56.7,10,10.3,7.9,8.1,5.6,23.4,7.3,7,6.2,5,4.6,13.4,6.6,5.2,6.2,4.2,4.8,,
LACM,31244,Canis,latrans,male,California,Orange Co.,205.5,28.1,175.9,12.2,16.2,11.3,21.9,12.4,17,10,169.9,35.6,11,30.4,23,19.5,,,,,,,,,,,,,,,,,,,,,,,,,,,,,,,,,,,,,,
LACM,31164,Canis,latrans,female,California,Los Angeles Co.,179.4,23.47,156,10,14.5,9.3,19.4,10.7,15.1,9,148,33.5,9.8,26.2,21.2,16.7,54.6,6.3,8.3,7,7.1,5.6,62.8,6.2,9.7,6.5,7.8,5.4,61.9,5.5,10.1,6.4,7.5,4.8,51.5,9.1,8.7,7.4,7.8,5.9,23.8,6.9,6.4,5.5,4.5,4.3,,,,,,,,
LACM,52175,Canis,latrans,male,California,San Diego Co.,190,26.24,163.2,11.9,16.6,10.6,22.3,12.7,17.3,9.9,,,,,,,59.7,6.8,10.2,8.1,7.7,5.3,68.4,6.9,10,7.7,8.7,5.4,67.5,6.1,9.7,7.6,8.6,4.8,57,9.6,8.5,8.1,8.2,5.7,23.8,7.4,8.1,6.2,5,4.5,12.7,6.8,6.3,6.3,4.3,4.9,,
LACM,52253,Canis,latrans,female,California,Los Angeles Co.,177.9,23.97,155.2,10.4,13.2,9.2,19.4,11.3,14.6,8.9,143.1,31.9,11,26.5,20.3,16.3,52.5,6.1,9,8.3,6.7,5.7,60.8,6,9.5,7,7.2,5.6,59.2,5.2,8.7,6.6,7,5.1,51.5,8.5,7.8,7.7,6.9,6.3,18.4,7.3,6.4,5.8,4.5,4.9,,,,,,,,
LACM,52277,Canis,latrans,male,California,Kern Co.,187.4,25.59,159.4,10.5,15.4,10.8,22,11.3,15.9,8.9,154.5,36.8,10.5,29.5,23.2,18.2,,,,,,,,,,,,,,,,,,,,,,,,,,,,,,,,,,,,,,
LACM,52276,Canis,latrans,male,California,Kern Co.,179.1,23.19,156.8,10,14.8,9.5,19.6,10.7,15.1,7.1,148.4,34.5,10.1,26.4,21.6,17.7,56.4,6.8,9.1,7.9,7.4,5.7,63.2,6.1,9.3,7,8.1,5.6,62.7,5.6,8.8,6.8,7.8,4.8,54.3,9.4,8.5,7.5,7.3,5.9,22.7,6.8,6.5,6,4.8,4.4,13.2,6.6,5.8,6.5,4.6,5.4,,
LACM,52176,Canis,latrans,,California,San Diego Co.,180.7,23.4,157.5,10.4,14.3,9.3,19.6,12.2,15.8,8.7,147.7,32.6,10.7,26.2,20.8,16.6,54.3,6.8,8.5,7.3,6.7,5.6,62.3,6.1,8.7,6.9,7.5,5,61.4,5.5,9.2,6.8,7.5,5,52.8,8.5,8.1,7.2,7.4,5.9,20.4,6.6,6.1,5.3,4,3.6,11.7,6.3,5.5,6.1,4.2,4.9,,
LACM,51300,Canis,latrans,,California,Kern Co.,182.6,23.63,159.3,9.6,15,10.7,19.9,11.5,14.9,8.6,151.4,33.4,10.6,28.1,21,17.3,59.6,6.5,8.7,7.5,7,5.2,67.6,6.5,10.4,7.5,7.4,5.3,66.8,6.2,9.1,7.3,7.6,4.7,56.8,8.9,8.7,8.1,7.6,6.1,19.6,7.3,6.6,5.9,4.7,4.7,13.1,6.5,5.5,6.4,4.4,4.8,,
UCLA,16404,Canis,lupus,female,Arizona,,217.59,33.58,179.35,17.87,21.21,15.08,30.99,17.35,22.52,12.39,195.22,45.8,14.22,37.59,29.98,26.07,69.81,8.98,13.45,10.75,10.05,7.58,78.81,9.73,14.62,10.53,10.98,7.83,78.11,8.32,12.56,10.09,11.09,7.13,66.92,12.7,12.14,10.67,9.65,8.31,31.73,10.2,9.68,9.01,7,6.69,,,,,,,,
UCLA,16403,Canis,lupus,male,Arizona,,251.94,37.86,212.44,15.95,22.85,15.77,31.32,17.18,23.19,12.98,206.66,50.56,14.43,40.95,31.78,28.62,78.69,9.51,13.81,11.47,10.87,7.65,88.47,11.24,14.4,11.27,12.52,8.32,89.35,9.56,13.75,10.84,12.42,7.26,76.06,14.07,12.86,11.73,11.75,8.02,35.27,10.43,9.54,8.76,6.82,6.62,,,,,,,,
LACM,42382,Canis,mesomelas,male,South Africa,Windhoek district,171.89,21.43,147.16,9.9,12.84,8.9,18.59,9.65,14.25,9.27,139.88,30.15,9.15,24.99,20.24,16.41,51.06,5.91,9.15,7.3,6.78,4.71,58.4,6.36,7.95,6.38,6.9,4.54,58.23,4.99,8.54,6.43,7.02,4.51,50.13,7.12,7.9,6.6,6.48,4.89,21.51,6.64,5.41,5.55,4.38,4.03,,,,,,,,
LACM,56720,Cerdocyon,thous,female,Zoo,,114.27,14.86,95.49,7.19,10.86,6.69,13.84,8.33,11.96,6.6,102.96,22.23,7.24,19.71,14.9,11.86,39.32,5.66,7.43,5.83,5.43,3.69,44.09,5.23,5.97,5.27,5.63,3.17,45.26,4.22,6.75,5,5.94,3.27,35.58,6.71,5.85,5.41,6.43,3.57,15.61,4.9,4.32,3.94,3.11,2.56,,,,,,,,
LACM,52548,Chrysocyon,brachyurus,male,Zoo,,280.43,27.72,256.47,14.31,21.43,14.94,28.61,18.57,21.14,15.1,235.4,49.65,14.64,47.17,29.63,25.76,90.65,8.32,12.74,10.91,10.13,8.14,103.53,8.57,12.37,9.35,10.4,6.49,103.27,8.01,11.89,9.27,10.46,6.38,90.97,11.66,11.1,10.87,10.13,7.12,30.15,8.94,9.26,7.43,6.32,5.35,,,,,,,,
LACM,52199,Chrysocyon,brachyurus,,Zoo,,297.73,28.55,261.51,15.71,21.47,16.01,31.42,17.81,23.1,14.55,256.66,51.05,15.8,44.25,33.06,27.7,98.92,8.86,14.18,11.03,11.41,6.48,112.63,9.83,14.7,10.16,11.67,6.77,113.09,9.6,13.67,9.66,12.02,7.03,101.23,13.62,13.77,12.05,11.71,9.01,31.09,8.95,9.99,8.2,6.86,5.69,,,,,,,,
LACM,31261,Chrysocyon,brachyurus,,Zoo,,325.14,30.89,285.41,17.79,21.86,15.84,30.3,23,25.13,14.91,261.74,51.26,16.59,41.34,31.19,27.3,,,,,,,,,,,,,,,,,,,,,,,,,,,,,,,,,,,,,,
LACM,90773,Chrysocyon,brachyurus,,Zoo,,292.01,29.02,258.1,15.75,19.5,13.29,28.46,16.8,22.91,13.41,243.65,47.42,15.46,40.72,29.31,24.51,98.86,8.73,11.78,9.69,9.93,5.6,115.49,9.81,14.43,9.75,10.23,6.58,113.66,8.6,12.09,9.42,10.53,7.3,101.6,13.89,12.12,10.79,10.56,8.16,26.89,10.04,9.89,8.21,6.34,6.02,16.71,9.68,7.39,8.35,6.19,6.96,,
LACM,90772,Chrysocyon,brachyurus,,Zoo,,303.84,32.51,269.77,16.04,22.34,14.08,27.81,16.32,22.56,13.71,258.93,52.82,15.83,41.46,32.5,26.57,99.96,9.43,13.67,11.75,10.86,6.29,114.16,9.78,14.5,9.51,11.17,7.8,114.45,8.01,12.94,9.78,11.46,7.35,101.38,14.88,12.65,10.8,11.02,7.49,32.4,9.46,9.66,7.92,6.33,5.48,,,,,,,,
LACM,30588,Lycaon,pictus,male,East Africa,,216.43,34.16,183.82,14.94,19.79,13.38,25.43,13.79,20.33,10.81,173.14,45.05,12.38,32.7,27.71,22.07,64.02,6.94,10.37,8.87,8.67,6.09,73.86,8.29,12,9.04,9.88,6.76,74.92,6.59,11.35,9.1,9.69,6.44,62.88,10.32,10.7,8.84,8.24,5.45,26.78,8.22,8.47,7.41,5.95,5.47,17.96,7.92,7.3,8.02,5.41,5.8,,
LACM,60621,Lycaon,pictus,,Namibia,"Rundu, Kavango",251.63,39.71,212.84,17.25,22.71,14.62,31.1,15.73,24.44,12.38,204.1,53.6,14.81,38.68,32.78,26.02,73.55,7.3,12.93,9.99,9.81,8.44,84.09,11.2,14.02,10.45,11.15,7.8,85.07,7.72,13.14,10.12,11.28,7.66,72.7,13.09,12.76,10.78,10.28,8.99,31.76,9.59,9.89,8.1,6.67,5.91,15.82,8.52,7.61,8.28,7.01,6.24,,
LACM,74122,Nyctereutes,procyonoides,female,Zoo,,87,12.88,72.75,5.46,9.71,6.54,12.63,7.56,10.3,7.44,83.24,21.17,7.06,21.11,13.53,12.64,29.51,5.01,6.04,5.98,5.18,4.04,35.55,5.58,7.36,5.67,5.24,3.56,34.16,6.1,7.42,5.53,4.92,3.41,27.84,9.54,6.27,6.44,5.36,4.06,13.84,5.31,4.33,4.04,3.18,3.15,9.41,4.69,3.88,4.42,2.69,3.54,,
LACM,90831,Nyctereutes,procyonoides,male,Zoo,,90.6,14.71,73.75,5.55,9.44,7.64,13.31,7.48,10.95,6.75,85.51,21.4,6.05,19.65,13.48,13.22,31.98,4.61,4.97,5.52,5.24,3.29,37.09,4.69,6.51,5.29,5.39,3.1,36,4.42,5.57,5.25,5.42,3.14,31.72,6.72,4.61,5.94,5.39,4.36,13.77,4.9,4.07,3.82,3.07,2.97,10.09,4.44,3.98,4.18,2.7,3.2,,
LACM,41793,Otocyon,megalotis,female,South Africa,Keetmanshoop District,125.31,15.28,108.71,6.62,9.72,6.35,12.55,7.52,10.1,6.84,102.12,21.77,6.16,17.45,12.64,11.5,40.76,4.19,5.26,5.44,4.21,3.77,45.7,3.86,5.99,4.51,4.27,3.21,44.51,3.86,5.51,4.27,4.3,2.97,39.79,6.15,5.76,5.2,4.49,3.57,15.96,4.45,4.3,3.44,3.05,2.63,,,,,,,,
LACM,41791,Otocyon,megalotis,female,South Africa,Tweerivier,131.18,15.88,112.9,6.84,10.45,7.12,13.86,7.82,10.72,5.86,108.64,23.8,5.59,18.31,13.75,11.85,43.49,5.11,6.41,5.78,4.99,3.4,49.37,4.59,5.32,5.01,4.79,3.45,48.37,3.52,5.82,4.51,4.61,3.11,42.41,6.7,6.15,5.38,5.16,3.96,16.88,4.71,4.44,3.84,3.31,2.65,,,,,,,,
LACM,41790,Otocyon,megalotis,male,South Africa,Tweerivier,123.77,15.01,106.32,6.28,9.84,5.66,12.6,8.41,9.79,6.61,102.29,22.84,6.1,16.97,12.99,12.03,36.53,4.69,4.95,5.2,4.57,3.91,41.75,4.62,5.75,4.48,4.51,3.37,41.21,3.15,5.72,4.09,4.29,3.01,35.91,7.02,5.53,4.79,4.64,3.14,13.18,4.67,4.04,3.85,3,2.46,,,,,,,,
LACM,52239,Otocyon,megalotis,male,Zoo,,133.98,16.18,114.2,7.45,10.54,7.26,14.6,7.92,10.75,6.41,110.31,23.71,6.92,20.32,14.88,12.76,45.13,5.4,5.97,6,5.99,3.93,50.02,4.89,6.14,5.46,6.39,3.52,48.34,3.93,5.66,4.92,4.66,3.61,42.77,6.75,4.94,6.8,4.79,4.05,16.63,5.32,5.2,4.13,3.61,2.88,,,,,,,,
LACM,52187,Speothos,venaticus,male,Zoo,,112.17,20.94,87.2,6.7,13.26,8.7,14.57,9.42,12.5,7.96,107.15,25.91,8.33,24.99,16.54,16.11,31.71,4.64,6.59,6.38,5.05,3.99,37.46,6.22,6.66,6.62,5.71,3.6,36.67,5.77,7.12,6.72,5.98,3.76,28.34,7.58,6.94,7.32,5.62,4.47,18.81,6.05,5.54,4.53,3.36,3.45,,,,,,,,
LACM,45007,Speothos,venaticus,male,Zoo,,107.4,18.93,85.36,7.2,12.02,7.68,14.8,9.16,12.18,7.74,98.05,25.79,8.69,23.13,15.03,15.82,30.66,4.59,6,6.13,4.84,4.06,37.66,5.92,6.57,6.11,5.59,3.9,37.17,5.26,6.63,6.28,5.54,3.8,29.14,7.21,6.44,6.42,6.91,4.4,17.7,6.51,5.16,4.75,3.6,3.93,,,,,,,,
LACM,45008,Speothos,venaticus,male,Zoo,,107.9,20.81,84.43,6.85,12.7,8.44,14.9,9.53,12.45,7.76,104.67,25.47,8.17,24.19,16.67,16.11,31.5,4.92,6.71,6.24,5.22,3.82,38.06,6.31,7.43,6.67,6.08,3.8,36.94,5.55,7.75,6.75,5.96,3.78,29.31,7.38,7.23,7.27,5.62,4.26,19.05,6.21,5.35,4.64,3.57,3.21,,,,,,,,
LACM,45006,Speothos,venaticus,female,Zoo,,90.96,18.52,71.93,6.84,11.46,7.17,13.44,8.91,11.24,7.07,92.37,24.46,7.05,23.4,13,13.85,29.37,5.1,6.4,6.19,4.75,3.67,34.29,5.38,6.64,6.4,5.45,3.28,33.79,5.13,6.57,6.38,5.2,3.7,27.68,7.79,6.39,6.71,4.98,3.87,17.32,5.76,4.93,4.03,3.04,2.8,,,,,,,,
UCLA,11256,Urocyon,cinereoargenteus guatemalae,male,El Salvador,,95.41,12.15,80.04,5.35,8.5,6.08,11.45,7.12,10.21,6.82,88.53,19.01,6.1,15.33,11.47,10.51,29.08,3.62,6.02,5.05,4.66,3.26,33.1,4.75,5.38,4.8,4.82,3.31,32.21,3.65,5.24,4.5,4.09,3.12,26.12,6,5.45,5.1,4.83,3.78,13.65,4.44,3.76,3.58,3.24,2.51,,,,,,,,
UCLA,15808,Urocyon,cinereoargenteus scotti,male,Nevada,,110.96,14.35,91.34,6.46,10.5,6.39,12.76,7.78,9.87,7.03,103.46,22.41,7.32,18.32,13.08,11.98,34.99,5.01,5.86,5.42,5.32,4.05,40.72,4.62,5.46,5.06,5.29,3.85,39.8,4.47,5.56,4.87,5.22,3.49,33.92,6.09,5.61,5.72,5.64,4.21,20.94,5.58,5.08,4.62,3.74,3.51,,,,,,,,
UCLA,16312,Urocyon,cinereoargenteus scotti,female,Nevada,,106.08,12.55,88.96,6.02,9.06,6.31,11.77,7.33,9.76,5.29,101.46,20.36,6.3,17,13.14,11.43,32.95,4.67,6.33,5.95,5.04,3.89,38.16,4.62,5.43,5.12,4.87,3.6,37.54,4.16,5.44,4.99,4.77,3.06,32.18,6.15,5.7,6.02,5.15,4.18,18.99,5.54,4.22,4.25,3.12,3.16,,,,,,,,
UCLA,15958,Urocyon,cinereoargenteus townsendi,male,Arizona,,112.28,14.49,94.78,6.82,9.58,6.46,12.38,7.41,9.11,6.16,107.26,21.06,6.86,18.04,12.23,12.18,36.79,3.86,6.51,5.32,4.8,3.72,41.57,4.8,5.67,5.12,5.05,3.63,41.01,4.14,5.3,4.97,4.94,3.2,34.63,6.37,5.58,5.5,5.11,3.97,20.25,5.58,4.72,4.41,3.58,3.51,,,,,,,,
UCLA,15408,Urocyon,cinereoargenteus townsendi,female,Arizona,,98.67,13.37,82.58,5.95,9.31,5.94,11.65,7.22,9.33,5.88,95.59,21.07,6.06,16.96,11.98,11.31,,,,,,,,,,,,,,,,,,,,,,,,,,,,,,,,,,,,,,
LACM,74997,Urocyon,littoralis,,,,86.89,11.24,73.03,5,8.71,5.7,10.44,6.58,8.36,5.46,82.63,18.79,5.9,15.49,10.63,10.46,27.03,3.49,5.56,4.86,4.49,3.45,32.06,4.27,4.8,4.77,4.46,3.43,31.12,4.32,4.74,4.62,4.37,3.23,24.58,5.39,4.9,4.66,4.53,2.95,13.81,4.39,3.83,3.86,3.02,2.75,10.62,3.79,3.46,3.74,2.43,2.29,,
LACM,74999,Urocyon,littoralis,,,,87.8,11.44,72.58,5.08,8.64,5.76,11.05,6.8,8.97,6.25,82.74,19.1,6.48,15.71,10.82,10.25,26.8,3.59,5.32,4.7,4.54,3.59,31.07,4.5,5.17,4.73,4.65,3.59,29.86,3.64,4.93,4.49,4.63,3.42,23.98,4.53,4.76,4.69,4.71,3.98,12.54,4.79,4,3.93,3.34,3.18,,,,,,,,
UCLA,13394,Urocyon,littoralis santarosae,male,California,Santa Rosa Island,85.97,11.43,70.83,5.16,8.1,4.95,10.8,6.62,8.47,5.28,81.45,18.22,5.34,14.94,10.88,9.88,27.02,3.47,5.43,4.72,4.2,3.35,31.84,3.94,4.94,4.54,4.34,3.02,31.53,3.83,4.49,4.11,4.29,2.93,25.66,5.22,4.6,4.78,4.2,3.16,13.38,4.36,3.58,3.45,2.98,2.63,,,,,,,,
UCLA,13452,Urocyon,littoralis santarosae,female,California,Santa Rosa Island,82.29,10.59,68.03,4.73,8.01,5.24,10.41,6.19,8.45,5.41,78.7,17.56,5.32,15.08,10.77,9.89,26.75,3.53,5.44,4.77,4,3.03,31.41,3.91,4.97,4.38,4.08,3.05,30.78,3.78,4.67,4.12,3.99,2.7,25.63,5.08,4.57,4.8,4.09,3.34,14.86,4.81,4.02,3.77,3.13,2.66,,,,,,,,
UCLA,13841,Urocyon,littoralis santarosae,male,California,Santa Rosa Island,83.93,11.41,69.76,4.72,8.12,5.15,10.92,6.37,9.14,5.49,82.23,18.69,5.04,15.55,10.93,10.26,28.9,3.64,5.73,4.98,4.09,3.14,33.36,3.9,4.97,4.23,4.1,2.8,32.91,3.94,4.63,4.19,4.08,2.91,27.71,5.03,4.54,4.8,4.06,3.14,15.7,4.71,3.8,3.65,2.99,2.52,,,,,,,,
LACM,58093,Vulpes,chama,female,South West Africa,Gobabis,120.09,14.2,104.07,7.15,9.65,6.58,12.55,6.89,10.19,5.96,110.07,22.35,6.83,16.16,13.07,11.06,38.37,4.18,6.07,5.27,5.08,3.58,43.65,4.54,5.64,4.76,4.69,3.71,43.62,3.81,5.24,4.74,4.86,4,37.49,6.39,5.57,6.12,5.09,4.26,18.18,4.73,4.11,3.67,3.16,2.68,,,,,,,,
LACM,41794,Vulpes,chama,female,South West Africa,Tweerivier,109.29,12.64,94.15,5.95,8.82,5.59,11.42,6.62,9.5,5.64,98.9,20.28,5.72,15.09,11.19,9.9,35.53,3.88,5.85,4.86,4.68,3.43,40.54,3.54,6.03,4.43,4.54,2.96,40.54,3.9,5.24,4.46,4.49,2.79,34.39,5.61,5.03,5.11,4.56,3.37,15.87,4.82,4.16,4.09,3.23,3.04,,,,,,,,
LACM,41795,Vulpes,chama,male,South West Africa,Keetmanshoop District,119.04,14.12,104.68,6.15,9.43,5.6,12.82,6.92,9.27,6.15,106.81,20.38,6.53,16.44,11.56,11.39,39.9,3.94,6.01,5.07,4.95,3.48,45.06,3.75,5.39,4.54,5.01,3.19,44.54,4.17,5.37,4.39,4.92,3.03,39,6.15,5.41,5.35,4.93,3.58,17.69,5.36,4.57,4.08,3.36,2.75,,,,,,,,
LACM,86865,Vulpes,macrotis,male,California,San Luis Obispo,117.86,14.78,100.18,6.76,9.26,5.65,12.15,6.38,9.32,5.65,106.39,20.82,5.89,16.53,11.93,10.86,32.66,3.22,5.57,5.29,4.61,3.48,38.1,4.46,5.17,3.92,4.61,3.26,37.34,3.43,5.27,4.31,4.78,3.02,31.86,5.81,4.89,5.49,4.86,3.86,19.09,5.05,4.18,4.08,3.38,3,,,,,,,,
LACM,86868,Vulpes,macrotis,female,California,San Luis Obispo,105.44,13.79,89.79,6.4,8.69,4.94,11.44,5.94,8.93,4.7,95.19,19.42,5.64,15.25,11.3,10.4,30.52,3.39,5.26,5.1,4.28,3.97,35.21,4.59,4.8,4.29,3.89,3.27,34.55,2.36,4.65,4.06,4.18,3.52,29.45,6.18,4.67,5.15,4.41,3.65,15.52,4.48,3.91,3.52,2.8,2.63,,,,,,,,
LACM,88320,Vulpes,macrotis,male,California,San Luis Obispo,111.01,14.23,94.97,6.09,8.78,5.47,12.51,6.08,8.71,5.32,97.9,19.88,5.65,15.51,11.96,9.9,31.25,4.44,5.41,5.15,4.25,3.65,36.59,4.37,6.8,4.56,4.66,3.22,35.62,3.03,4.41,4.71,4.49,3.38,31.15,6.26,5.37,5.53,5.18,3.27,16.94,4.56,4.6,3.72,3.64,2.63,11.88,4.22,3.98,3.75,3.11,2.17,,
LACM,86866,Vulpes,macrotis,,California,San Luis Obispo,102.17,13.14,87.27,6.29,8.47,5.14,11.85,5.76,8.92,5.05,94.63,19.38,5.48,15.07,10.94,9.66,30.43,3.19,5.17,4.52,4.44,3.49,35.39,4.31,4.85,4.26,4.3,3.48,34.53,3.17,4.72,4.19,4.33,3.18,29.81,5.85,4.72,4.94,4.53,3.38,15.53,5.15,3.93,3.92,3.09,2.58,,,,,,,,
LACM,88321,Vulpes,macrotis,male,California,San Luis Obispo,105.69,13.35,90.37,6.03,8.74,5.21,11.62,6.02,8.7,4.94,95.67,19.59,5.73,15.45,11.27,10.08,30.7,3.31,5.48,4.62,4.54,3.44,35.6,4.31,4.83,4.29,4.53,2.96,34.42,3.58,5.04,4.27,4.28,2.88,30.04,5.59,4.8,5.02,4.36,3.54,16.18,4.41,3.81,3.52,3.05,2.5,,,,,,,,
LACM,86861,Vulpes,velox,female,New Mexico,Chavez Co.,106.9,12.48,93.03,6.34,8.83,5.9,11.73,6.19,9.09,5.04,100.23,19.59,5.48,15.36,11.13,10.47,32.25,3.99,5.05,5.01,4.36,3.08,36.95,4.42,5.26,4.22,4.33,3.67,35.71,2.85,4.82,4.15,4.47,2.89,30.75,5.92,4.9,5.33,4.6,3.29,15.52,4.68,3.86,3.86,3.08,2.46,,,,,,,,
LACM,86860,Vulpes,velox,female,New Mexico,Lea Co.,109.07,13.78,92.63,6.41,9.09,6.04,11.1,6.5,8.56,5.44,99.28,19.76,6.34,15.19,11.91,10.61,32.92,3.96,5.55,4.96,4.17,3.89,37.18,4.32,5.35,4.4,4.5,3.61,35.96,3.84,5.3,4.33,4.46,3.49,30.53,5.35,4.84,5.39,4.67,3.54,17.57,4.4,3.91,3.72,2.96,2.66,,,,,,,,
LACM,86863,Vulpes,velox,female,New Mexico,Lea Co.,105.25,12.59,91.43,6.29,8.69,5.5,12.29,6.25,8.92,4.94,,,,,,,31.61,3.96,5.55,4.7,4.44,3.94,36.37,3.93,4.97,4.41,4.56,2.96,34.84,3.35,5.06,4.35,4.34,3.36,29.59,5.47,4.61,4.98,4.42,3.54,15.13,5,4.02,4.13,3.29,3.23,,,,,,,,
LACM,86859,Vulpes,velox,male,New Mexico,Chavez Co.,110.89,13.33,95.17,6.47,9.13,5.37,11.99,6.33,9.2,5.71,101.5,20.04,6.12,15.85,12.01,10.57,32.29,4.26,5.71,4.88,4.33,3.31,36.73,4.85,5.43,4.4,4.58,3.66,35.33,3.38,5.01,4.22,4.58,3.61,31.52,5.87,5.21,5.64,4.79,3.59,15.86,5.29,4.28,4.29,3.13,2.96,,,,,,,,
LACM,86862,Vulpes,velox,male,New Mexico,Chavez Co.,107.98,13.96,93.3,6.71,8.74,5.45,11.62,6.55,9,5.29,99.79,20.72,5.73,16.08,11.5,9.72,33.06,3.38,5.74,4.98,4.82,3.19,36.9,4.59,5.31,4.28,4.7,3.4,36.05,3.33,5.13,4.03,4.63,3.26,30.43,5.33,5.03,5.4,4.81,3.48,16.32,4.7,4.07,3.63,3.06,2.57,,,,,,,,
LACM,87624,Vulpes,vulpes,male,California,Los Angeles Co.,144.03,16.51,123.1,8.55,11.22,7.5,14.44,9.22,11.88,7.01,128.49,25.76,8.04,18.84,14.1,12.17,45.49,4.3,7,5.65,5.22,4.43,50.82,5.58,6.49,5.56,5.72,4.64,50.96,4.4,6.35,5.48,5.7,4,43.64,6.28,6.27,6.27,5.74,4.57,17.76,6.73,5.02,4.98,3.93,3.82,,,,,,,,
LACM,54274,Vulpes,vulpes,male,Montana,Beaverhead Co.,160.27,20.24,136,9.34,13.58,9.24,18.05,10.84,14.21,8.1,144.76,29.33,8.3,23.13,18.4,15.31,,,,,,,,,,,,,,,,,,,,,,,,,23.38,6.84,5.77,5.62,4.22,3.63,,,,,,,,
LACM,54170,Vulpes,vulpes,female,Montana,Beaverhead Co.,140.14,15.53,122.37,8.61,11.54,8.17,14.99,9.02,12.4,7.45,131.85,26.15,7.59,21.02,15.08,14.24,46.48,5.25,7.13,6.54,6.05,4.33,51.34,5.21,7.03,5.84,6.31,3.87,50.57,4.18,6.88,5.83,5.93,3.73,45.21,7.93,6.62,6.72,6.18,4.43,,,,,,,,,,,,,,
LACM,54171,Vulpes,vulpes,female,Montana,Beaverhead Co.,142.4,16.94,122.15,8.58,11.56,7.64,15.14,9.27,12.28,6.91,126.97,25.6,7.18,21.06,15.33,13.19,,,,,,,,,,,,,,,,,,,,,,,,,,,,,,,,,,,,,,
LACM,96263,Vulpes,vulpes,male,California,Los Angeles Co.,134.89,16.84,117.71,8.3,11.15,7.52,15.44,8.28,11.06,6.56,119.85,25,7.45,20.64,15.34,13.74,40.54,5.82,7.45,7.37,6.71,4.45,47.9,5.93,7.57,6.05,5.47,3.98,45.75,4.1,7.05,5.96,5.5,3.65,39.57,6.73,5.84,6.91,7.35,4.45,19.34,5.62,5.04,4.6,4.36,3.24,,,,,,,,
